Year,Team,MeasureName,MeasureType,MeasureValue
2019,Chennai Super Kings,Matches,Matches,17
2018,Chennai Super Kings,Matches,Matches,16
2015,Chennai Super Kings,Matches,Matches,17
2014,Chennai Super Kings,Matches,Matches,16
2019,Chennai Super Kings,BowlingEconomy,Bowling,7.390371052
2018,Chennai Super Kings,BowlingEconomy,Bowling,8.656050955
2015,Chennai Super Kings,BowlingEconomy,Bowling,7.679375563
2014,Chennai Super Kings,BowlingEconomy,Bowling,8.206044849
2019,Chennai Super Kings,WicketsPerOver,Bowling,0.325053665
2018,Chennai Super Kings,WicketsPerOver,Bowling,0.286624204
2015,Chennai Super Kings,WicketsPerOver,Bowling,0.312218553
2014,Chennai Super Kings,WicketsPerOver,Bowling,0.292492688
2019,Chennai Super Kings,TotalWickets,Bowling,106
2018,Chennai Super Kings,TotalWickets,Bowling,90
2015,Chennai Super Kings,TotalWickets,Bowling,104
2014,Chennai Super Kings,TotalWickets,Bowling,90
2019,Chennai Super Kings,WicketsPerMatch,Bowling,6.235294118
2018,Chennai Super Kings,WicketsPerMatch,Bowling,5.625
2015,Chennai Super Kings,WicketsPerMatch,Bowling,6.117647059
2014,Chennai Super Kings,WicketsPerMatch,Bowling,5.625
2019,Chennai Super Kings,Innings,Batting,10.18181818
2018,Chennai Super Kings,Innings,Batting,8.666666667
2015,Chennai Super Kings,Innings,Batting,11.81818182
2014,Chennai Super Kings,Innings,Batting,9.9
2019,Chennai Super Kings,NotOuts,Batting,2.636363636
2018,Chennai Super Kings,NotOuts,Batting,2.5
2015,Chennai Super Kings,NotOuts,Batting,2.454545455
2014,Chennai Super Kings,NotOuts,Batting,2.9
2019,Chennai Super Kings,HighScore ,Batting,212.0909091
2018,Chennai Super Kings,HighScore ,Batting,222.9166667
2015,Chennai Super Kings,HighScore ,Batting,232.8181818
2014,Chennai Super Kings,HighScore ,Batting,251.8
2019,Chennai Super Kings,RunsScored,Batting,137.23
2018,Chennai Super Kings,RunsScored,Batting,167.1875
2015,Chennai Super Kings,RunsScored,Batting,150.64
2014,Chennai Super Kings,RunsScored,Batting,157.35
2019,Chennai Super Kings,BallsFaced,Batting,116.0588235
2018,Chennai Super Kings,BallsFaced,Batting,116.4375
2015,Chennai Super Kings,BallsFaced,Batting,117.3529412
2014,Chennai Super Kings,BallsFaced,Batting,116.6875
2019,Chennai Super Kings,StrikeRate,Batting,125.6472727
2018,Chennai Super Kings,StrikeRate,Batting,149.0616667
2015,Chennai Super Kings,StrikeRate,Batting,133.4772727
2014,Chennai Super Kings,StrikeRate,Batting,145.603
2019,Chennai Super Kings,100s,Batting,0
2018,Chennai Super Kings,100s,Batting,0.1875
2015,Chennai Super Kings,100s,Batting,0.058823529
2014,Chennai Super Kings,100s,Batting,0
2019,Chennai Super Kings,50s,Batting,0.823529412
2018,Chennai Super Kings,50s,Batting,0.9375
2015,Chennai Super Kings,50s,Batting,0.588235294
2014,Chennai Super Kings,50s,Batting,1.0625
2019,Chennai Super Kings,4s,Batting,12
2018,Chennai Super Kings,4s,Batting,13.1875
2015,Chennai Super Kings,4s,Batting,14.64705882
2014,Chennai Super Kings,4s,Batting,12.8125
2019,Chennai Super Kings,6s,Batting,5.235294118
2018,Chennai Super Kings,6s,Batting,6.8125
2015,Chennai Super Kings,6s,Batting,5.647058824
2014,Chennai Super Kings,6s,Batting,7
2019,Chennai Super Kings,MatchesWon,Batting,10
2018,Chennai Super Kings,MatchesWon,Batting,11
2015,Chennai Super Kings,MatchesWon,Batting,9
2014,Chennai Super Kings,MatchesWon,Batting,9
2008,Chennai Super Kings,MatchesWon,Batting,9
2009,Chennai Super Kings,MatchesWon,Batting,8
2010,Chennai Super Kings,MatchesWon,Batting,9
2011,Chennai Super Kings,MatchesWon,Batting,11
2012,Chennai Super Kings,MatchesWon,Batting,9
2013,Chennai Super Kings,MatchesWon,Batting,12
2008,Chennai Super Kings,100s,Batting,0.0625
2009,Chennai Super Kings,100s,Batting,0
2010,Chennai Super Kings,100s,Batting,0.0625
2011,Chennai Super Kings,100s,Batting,0
2012,Chennai Super Kings,100s,Batting,0.055555556
2013,Chennai Super Kings,100s,Batting,0.055555556
2008,Chennai Super Kings,4s,Batting,15
2009,Chennai Super Kings,4s,Batting,13.71428571
2010,Chennai Super Kings,4s,Batting,12.875
2011,Chennai Super Kings,4s,Batting,12.625
2012,Chennai Super Kings,4s,Batting,12.16666667
2013,Chennai Super Kings,4s,Batting,13.38888889
2008,Chennai Super Kings,6s,Batting,5.875
2009,Chennai Super Kings,6s,Batting,5
2010,Chennai Super Kings,6s,Batting,5.8125
2011,Chennai Super Kings,6s,Batting,5.625
2012,Chennai Super Kings,6s,Batting,5.555555556
2013,Chennai Super Kings,6s,Batting,4.666666667
2008,Chennai Super Kings,50s,Batting,0.8125
2009,Chennai Super Kings,50s,Batting,0.714285714
2010,Chennai Super Kings,50s,Batting,0.8125
2011,Chennai Super Kings,50s,Batting,1.1875
2012,Chennai Super Kings,50s,Batting,0.444444444
2013,Chennai Super Kings,50s,Batting,0.888888889
2008,Chennai Super Kings,RunsScored,Batting,143.9375
2009,Chennai Super Kings,RunsScored,Batting,146.0714286
2010,Chennai Super Kings,RunsScored,Batting,145.625
2011,Chennai Super Kings,RunsScored,Batting,152.5625
2012,Chennai Super Kings,RunsScored,Batting,147.7222222
2013,Chennai Super Kings,RunsScored,Batting,129.2222222
2008,Chennai Super Kings,BallsFaced,Batting,107.5
2009,Chennai Super Kings,BallsFaced,Batting,115.2857143
2010,Chennai Super Kings,BallsFaced,Batting,110.375
2011,Chennai Super Kings,BallsFaced,Batting,117.3125
2012,Chennai Super Kings,BallsFaced,Batting,115.2222222
2013,Chennai Super Kings,BallsFaced,Batting,111.3333333
2008,Chennai Super Kings,BowlingEconomy,Bowling,6.325185389
2009,Chennai Super Kings,BowlingEconomy,Bowling,7.7198943
2010,Chennai Super Kings,BowlingEconomy,Bowling,7.463164638
2011,Chennai Super Kings,BowlingEconomy,Bowling,8.207800941
2012,Chennai Super Kings,BowlingEconomy,Bowling,7.880853586
2013,Chennai Super Kings,BowlingEconomy,Bowling,7.106630003
2008,Chennai Super Kings,Matches,Batting,16
2009,Chennai Super Kings,Matches,Batting,14
2010,Chennai Super Kings,Matches,Batting,16
2011,Chennai Super Kings,Matches,Batting,16
2012,Chennai Super Kings,Matches,Batting,18
2013,Chennai Super Kings,Matches,Batting,18
2008,Chennai Super Kings,NotOuts,Batting,2.181818182
2009,Chennai Super Kings,NotOuts,Batting,1.818181818
2010,Chennai Super Kings,NotOuts,Batting,1.727272727
2011,Chennai Super Kings,NotOuts,Batting,2.181818182
2012,Chennai Super Kings,NotOuts,Batting,2.181818182
2013,Chennai Super Kings,NotOuts,Batting,2.272727273
2008,Chennai Super Kings,TotalWickets,Bowling,83
2009,Chennai Super Kings,TotalWickets,Bowling,74
2010,Chennai Super Kings,TotalWickets,Bowling,83
2011,Chennai Super Kings,TotalWickets,Bowling,83
2012,Chennai Super Kings,TotalWickets,Bowling,94
2013,Chennai Super Kings,TotalWickets,Bowling,108
2008,Chennai Super Kings,WicketsPerMatch,Bowling,5.1875
2009,Chennai Super Kings,WicketsPerMatch,Bowling,5.285714286
2010,Chennai Super Kings,WicketsPerMatch,Bowling,5.1875
2011,Chennai Super Kings,WicketsPerMatch,Bowling,5.1875
2012,Chennai Super Kings,WicketsPerMatch,Bowling,5.222222222
2013,Chennai Super Kings,WicketsPerMatch,Bowling,6
2008,Chennai Super Kings,WicketsPerOver,Bowling,0.227959352
2009,Chennai Super Kings,WicketsPerOver,Bowling,0.279350698
2010,Chennai Super Kings,WicketsPerOver,Bowling,0.265855221
2011,Chennai Super Kings,WicketsPerOver,Bowling,0.279085407
2012,Chennai Super Kings,WicketsPerOver,Bowling,0.278601067
2013,Chennai Super Kings,WicketsPerOver,Bowling,0.329972502
2008,Chennai Super Kings,StrikeRate,Batting,139
2009,Chennai Super Kings,StrikeRate,Batting,124.52
2010,Chennai Super Kings,StrikeRate,Batting,118.73
2011,Chennai Super Kings,StrikeRate,Batting,127.77
2012,Chennai Super Kings,StrikeRate,Batting,129.38
2013,Chennai Super Kings,StrikeRate,Batting,123.74
2008,Sunrisers Hyderabad,MatchesWon,Batting,2
2009,Sunrisers Hyderabad,MatchesWon,Batting,9
2010,Sunrisers Hyderabad,MatchesWon,Batting,8
2011,Sunrisers Hyderabad,MatchesWon,Batting,6
2012,Sunrisers Hyderabad,MatchesWon,Batting,4
2008,Sunrisers Hyderabad,100s,Batting,0.142857143
2009,Sunrisers Hyderabad,100s,Batting,0
2010,Sunrisers Hyderabad,100s,Batting,0
2011,Sunrisers Hyderabad,100s,Batting,0
2012,Sunrisers Hyderabad,100s,Batting,0
2008,Sunrisers Hyderabad,4s,Batting,14.5
2009,Sunrisers Hyderabad,4s,Batting,10.8125
2010,Sunrisers Hyderabad,4s,Batting,12.25
2011,Sunrisers Hyderabad,4s,Batting,13.78571429
2012,Sunrisers Hyderabad,4s,Batting,13.07142857
2008,Sunrisers Hyderabad,6s,Batting,6.285714286
2009,Sunrisers Hyderabad,6s,Batting,6.125
2010,Sunrisers Hyderabad,6s,Batting,5.25
2011,Sunrisers Hyderabad,6s,Batting,3.428571429
2012,Sunrisers Hyderabad,6s,Batting,5.214285714
2008,Sunrisers Hyderabad,50s,Batting,0.714285714
2009,Sunrisers Hyderabad,50s,Batting,0.5625
2010,Sunrisers Hyderabad,50s,Batting,0.6875
2011,Sunrisers Hyderabad,50s,Batting,0.571428571
2012,Sunrisers Hyderabad,50s,Batting,0.928571429
2008,Sunrisers Hyderabad,RunsScored,Batting,144.9285714
2009,Sunrisers Hyderabad,RunsScored,Batting,139.625
2010,Sunrisers Hyderabad,RunsScored,Batting,138.25
2011,Sunrisers Hyderabad,RunsScored,Batting,144.8571429
2012,Sunrisers Hyderabad,RunsScored,Batting,149.0714286
2008,Sunrisers Hyderabad,BallsFaced,Batting,109.1428571
2009,Sunrisers Hyderabad,BallsFaced,Batting,99.875
2010,Sunrisers Hyderabad,BallsFaced,Batting,114.0625
2011,Sunrisers Hyderabad,BallsFaced,Batting,111.5714286
2012,Sunrisers Hyderabad,BallsFaced,Batting,117.1428571
2008,Sunrisers Hyderabad,BowlingEconomy,Bowling,7.806848788
2009,Sunrisers Hyderabad,BowlingEconomy,Bowling,7.619372442
2010,Sunrisers Hyderabad,BowlingEconomy,Bowling,7.452830189
2011,Sunrisers Hyderabad,BowlingEconomy,Bowling,7.641296157
2012,Sunrisers Hyderabad,BowlingEconomy,Bowling,7.641889418
2008,Sunrisers Hyderabad,Matches,Batting,14
2009,Sunrisers Hyderabad,Matches,Batting,16
2010,Sunrisers Hyderabad,Matches,Batting,16
2011,Sunrisers Hyderabad,Matches,Batting,14
2012,Sunrisers Hyderabad,Matches,Batting,14
2008,Sunrisers Hyderabad,NotOuts,Batting,1.454545455
2009,Sunrisers Hyderabad,NotOuts,Batting,1.545454545
2010,Sunrisers Hyderabad,NotOuts,Batting,1.636363636
2011,Sunrisers Hyderabad,NotOuts,Batting,1.727272727
2012,Sunrisers Hyderabad,NotOuts,Batting,1.545454545
2008,Sunrisers Hyderabad,TotalWickets,Bowling,60
2009,Sunrisers Hyderabad,TotalWickets,Bowling,92
2010,Sunrisers Hyderabad,TotalWickets,Bowling,92
2011,Sunrisers Hyderabad,TotalWickets,Bowling,80
2012,Sunrisers Hyderabad,TotalWickets,Bowling,78
2008,Sunrisers Hyderabad,WicketsPerMatch,Bowling,4.285714286
2009,Sunrisers Hyderabad,WicketsPerMatch,Bowling,5.75
2010,Sunrisers Hyderabad,WicketsPerMatch,Bowling,5.75
2011,Sunrisers Hyderabad,WicketsPerMatch,Bowling,5.714285714
2012,Sunrisers Hyderabad,WicketsPerMatch,Bowling,5.571428571
2008,Sunrisers Hyderabad,WicketsPerOver,Bowling,0.230858022
2009,Sunrisers Hyderabad,WicketsPerOver,Bowling,0.31377899
2010,Sunrisers Hyderabad,WicketsPerOver,Bowling,0.309973046
2011,Sunrisers Hyderabad,WicketsPerOver,Bowling,0.301431801
2012,Sunrisers Hyderabad,WicketsPerOver,Bowling,0.285609667
2008,Sunrisers Hyderabad,StrikeRate,Batting,130.01
2009,Sunrisers Hyderabad,StrikeRate,Batting,122.6
2010,Sunrisers Hyderabad,StrikeRate,Batting,109.08
2011,Sunrisers Hyderabad,StrikeRate,Batting,129.1
2012,Sunrisers Hyderabad,StrikeRate,Batting,121.6
2019,Delhi Capitals,Matches,Matches,16
2018,Delhi Capitals,Matches,Matches,14
2017,Delhi Capitals,Matches,Matches,14
2016,Delhi Capitals,Matches,Matches,14
2015,Delhi Capitals,Matches,Matches,14
2014,Delhi Capitals,Matches,Matches,14
2019,Delhi Capitals,BowlingEconomy,Bowling,7.979669632
2018,Delhi Capitals,BowlingEconomy,Bowling,8.960791778
2017,Delhi Capitals,BowlingEconomy,Bowling,8.512939359
2016,Delhi Capitals,BowlingEconomy,Bowling,7.924021489
2015,Delhi Capitals,BowlingEconomy,Bowling,7.79340836
2014,Delhi Capitals,BowlingEconomy,Bowling,8.463385354
2019,Delhi Capitals,WicketsPerOver,Bowling,0.320838628
2018,Delhi Capitals,WicketsPerOver,Bowling,0.285496764
2017,Delhi Capitals,WicketsPerOver,Bowling,0.262649672
2016,Delhi Capitals,WicketsPerOver,Bowling,0.241749808
2015,Delhi Capitals,WicketsPerOver,Bowling,0.289389068
2014,Delhi Capitals,WicketsPerOver,Bowling,0.204081633
2019,Delhi Capitals,TotalWickets,Bowling,101
2018,Delhi Capitals,TotalWickets,Bowling,75
2017,Delhi Capitals,TotalWickets,Bowling,68
2016,Delhi Capitals,TotalWickets,Bowling,63
2015,Delhi Capitals,TotalWickets,Bowling,72
2014,Delhi Capitals,TotalWickets,Bowling,51
2019,Delhi Capitals,WicketsPerMatch,Bowling,6.3125
2018,Delhi Capitals,WicketsPerMatch,Bowling,5.357142857
2017,Delhi Capitals,WicketsPerMatch,Bowling,4.857142857
2016,Delhi Capitals,WicketsPerMatch,Bowling,4.5
2015,Delhi Capitals,WicketsPerMatch,Bowling,5.142857143
2014,Delhi Capitals,WicketsPerMatch,Bowling,3.642857143
2019,Delhi Capitals,Innings,Batting,9
2018,Delhi Capitals,Innings,Batting,7.076923077
2017,Delhi Capitals,Innings,Batting,8
2016,Delhi Capitals,Innings,Batting,8.090909091
2015,Delhi Capitals,Innings,Batting,8.363636364
2014,Delhi Capitals,Innings,Batting,7.538461538
2019,Delhi Capitals,NotOuts,Batting,1.785714286
2018,Delhi Capitals,NotOuts,Batting,1.615384615
2017,Delhi Capitals,NotOuts,Batting,1.5
2016,Delhi Capitals,NotOuts,Batting,1.727272727
2015,Delhi Capitals,NotOuts,Batting,2
2014,Delhi Capitals,NotOuts,Batting,1.384615385
2019,Delhi Capitals,HighScore ,Batting,171.2142857
2018,Delhi Capitals,HighScore ,Batting,171.8461538
2017,Delhi Capitals,HighScore ,Batting,150.0714286
2016,Delhi Capitals,HighScore ,Batting,178.3636364
2015,Delhi Capitals,HighScore ,Batting,185.5454545
2014,Delhi Capitals,HighScore ,Batting,151
2019,Delhi Capitals,RunsScored,Batting,149.8125
2018,Delhi Capitals,RunsScored,Batting,159.5714286
2017,Delhi Capitals,RunsScored,Batting,150.0714286
2016,Delhi Capitals,RunsScored,Batting,140.1428571
2015,Delhi Capitals,RunsScored,Batting,145.7857143
2014,Delhi Capitals,RunsScored,Batting,140.2142857
2019,Delhi Capitals,BallsFaced,Batting,114.0625
2018,Delhi Capitals,BallsFaced,Batting,108.7857143
2017,Delhi Capitals,BallsFaced,Batting,111.2857143
2016,Delhi Capitals,BallsFaced,Batting,109.2142857
2015,Delhi Capitals,BallsFaced,Batting,113
2014,Delhi Capitals,BallsFaced,Batting,114.4285714
2019,Delhi Capitals,StrikeRate,Batting,131.8185714
2018,Delhi Capitals,StrikeRate,Batting,143.5338462
2017,Delhi Capitals,StrikeRate,Batting,124.8657143
2016,Delhi Capitals,StrikeRate,Batting,130.0454545
2015,Delhi Capitals,StrikeRate,Batting,128.6390909
2014,Delhi Capitals,StrikeRate,Batting,111.7953846
2019,Delhi Capitals,100s,Batting,0
2018,Delhi Capitals,100s,Batting,0.071428571
2017,Delhi Capitals,100s,Batting,0.071428571
2016,Delhi Capitals,100s,Batting,0.071428571
2015,Delhi Capitals,100s,Batting,0
2014,Delhi Capitals,100s,Batting,0
2019,Delhi Capitals,50s,Batting,0.8125
2018,Delhi Capitals,50s,Batting,1
2017,Delhi Capitals,50s,Batting,0.642857143
2016,Delhi Capitals,50s,Batting,0.714285714
2015,Delhi Capitals,50s,Batting,1.142857143
2014,Delhi Capitals,50s,Batting,0.571428571
2019,Delhi Capitals,4s,Batting,14.6875
2018,Delhi Capitals,4s,Batting,13.21428571
2017,Delhi Capitals,4s,Batting,14.21428571
2016,Delhi Capitals,4s,Batting,12.57142857
2015,Delhi Capitals,4s,Batting,13.42857143
2014,Delhi Capitals,4s,Batting,12.64285714
2019,Delhi Capitals,6s,Batting,5.375
2018,Delhi Capitals,6s,Batting,8.214285714
2017,Delhi Capitals,6s,Batting,6.214285714
2016,Delhi Capitals,6s,Batting,4.642857143
2015,Delhi Capitals,6s,Batting,6
2014,Delhi Capitals,6s,Batting,4.5
2019,Delhi Capitals,MatchesWon,Batting,9
2018,Delhi Capitals,MatchesWon,Batting,5
2017,Delhi Capitals,MatchesWon,Batting,6
2016,Delhi Capitals,MatchesWon,Batting,7
2015,Delhi Capitals,MatchesWon,Batting,5
2014,Delhi Capitals,MatchesWon,Batting,2
2008,Delhi Capitals,MatchesWon,Batting,7
2009,Delhi Capitals,MatchesWon,Batting,10
2010,Delhi Capitals,MatchesWon,Batting,7
2011,Delhi Capitals,MatchesWon,Batting,4
2012,Delhi Capitals,MatchesWon,Batting,11
2013,Delhi Capitals,MatchesWon,Batting,3
2008,Delhi Capitals,100s,Batting,0
2009,Delhi Capitals,100s,Batting,0
2010,Delhi Capitals,100s,Batting,0.071428571
2011,Delhi Capitals,100s,Batting,0.071428571
2012,Delhi Capitals,100s,Batting,0.111111111
2013,Delhi Capitals,100s,Batting,0
2008,Delhi Capitals,4s,Batting,15.5
2009,Delhi Capitals,4s,Batting,11.78571429
2010,Delhi Capitals,4s,Batting,13.42857143
2011,Delhi Capitals,4s,Batting,12.28571429
2012,Delhi Capitals,4s,Batting,12.83333333
2013,Delhi Capitals,4s,Batting,12.8125
2008,Delhi Capitals,6s,Batting,3.857142857
2009,Delhi Capitals,6s,Batting,5.357142857
2010,Delhi Capitals,6s,Batting,4.142857143
2011,Delhi Capitals,6s,Batting,5.357142857
2012,Delhi Capitals,6s,Batting,5.388888889
2013,Delhi Capitals,6s,Batting,3.125
2008,Delhi Capitals,50s,Batting,0.928571429
2009,Delhi Capitals,50s,Batting,0.571428571
2010,Delhi Capitals,50s,Batting,0.785714286
2011,Delhi Capitals,50s,Batting,0.571428571
2012,Delhi Capitals,50s,Batting,0.666666667
2013,Delhi Capitals,50s,Batting,0.5
2008,Delhi Capitals,RunsScored,Batting,141.1428571
2009,Delhi Capitals,RunsScored,Batting,134.8571429
2010,Delhi Capitals,RunsScored,Batting,142.7857143
2011,Delhi Capitals,RunsScored,Batting,133.0714286
2012,Delhi Capitals,RunsScored,Batting,124.7777778
2013,Delhi Capitals,RunsScored,Batting,124.25
2008,Delhi Capitals,BallsFaced,Batting,141.1428571
2009,Delhi Capitals,BallsFaced,Batting,142.5
2010,Delhi Capitals,BallsFaced,Batting,103.6428571
2011,Delhi Capitals,BallsFaced,Batting,105.8571429
2012,Delhi Capitals,BallsFaced,Batting,96.33333333
2013,Delhi Capitals,BallsFaced,Batting,107.75
2008,Delhi Capitals,BowlingEconomy,Bowling,7.431365175
2009,Delhi Capitals,BowlingEconomy,Bowling,7.261538462
2010,Delhi Capitals,BowlingEconomy,Bowling,6.95546277
2011,Delhi Capitals,BowlingEconomy,Bowling,7.730290456
2012,Delhi Capitals,BowlingEconomy,Bowling,6.822600243
2013,Delhi Capitals,BowlingEconomy,Bowling,7.03467799
2008,Delhi Capitals,Matches,Batting,14
2009,Delhi Capitals,Matches,Batting,14
2010,Delhi Capitals,Matches,Batting,14
2011,Delhi Capitals,Matches,Batting,14
2012,Delhi Capitals,Matches,Batting,18
2013,Delhi Capitals,Matches,Batting,16
2008,Delhi Capitals,NotOuts,Batting,1.727272727
2009,Delhi Capitals,NotOuts,Batting,1.909090909
2010,Delhi Capitals,NotOuts,Batting,1.909090909
2011,Delhi Capitals,NotOuts,Batting,1.454545455
2012,Delhi Capitals,NotOuts,Batting,2.363636364
2013,Delhi Capitals,NotOuts,Batting,2.090909091
2008,Delhi Capitals,TotalWickets,Bowling,81
2009,Delhi Capitals,TotalWickets,Bowling,78
2010,Delhi Capitals,TotalWickets,Bowling,72
2011,Delhi Capitals,TotalWickets,Bowling,61
2012,Delhi Capitals,TotalWickets,Bowling,84
2013,Delhi Capitals,TotalWickets,Bowling,66
2008,Delhi Capitals,WicketsPerMatch,Bowling,5.785714286
2009,Delhi Capitals,WicketsPerMatch,Bowling,5.571428571
2010,Delhi Capitals,WicketsPerMatch,Bowling,5.142857143
2011,Delhi Capitals,WicketsPerMatch,Bowling,4.357142857
2012,Delhi Capitals,WicketsPerMatch,Bowling,4.666666667
2013,Delhi Capitals,WicketsPerMatch,Bowling,4.125
2008,Delhi Capitals,WicketsPerOver,Bowling,0.304625799
2009,Delhi Capitals,WicketsPerOver,Bowling,0.3
2010,Delhi Capitals,WicketsPerOver,Bowling,0.250521921
2011,Delhi Capitals,WicketsPerOver,Bowling,0.253112033
2012,Delhi Capitals,WicketsPerOver,Bowling,0.255164034
2013,Delhi Capitals,WicketsPerOver,Bowling,0.233545648
2008,Delhi Capitals,StrikeRate,Batting,127.74
2009,Delhi Capitals,StrikeRate,Batting,125.01
2010,Delhi Capitals,StrikeRate,Batting,121.2
2011,Delhi Capitals,StrikeRate,Batting,124.86
2012,Delhi Capitals,StrikeRate,Batting,130.11
2013,Delhi Capitals,StrikeRate,Batting,112
2017,Gujrat Lions,Matches,Matches,14
2016,Gujrat Lions,Matches,Matches,16
2017,Gujrat Lions,BowlingEconomy,Bowling,9.123794212
2016,Gujrat Lions,BowlingEconomy,Bowling,8.273809524
2017,Gujrat Lions,WicketsPerOver,Bowling,0.225080386
2016,Gujrat Lions,WicketsPerOver,Bowling,0.248015873
2017,Gujrat Lions,TotalWickets,Bowling,56
2016,Gujrat Lions,TotalWickets,Bowling,75
2017,Gujrat Lions,WicketsPerMatch,Bowling,4
2016,Gujrat Lions,WicketsPerMatch,Bowling,4.6875
2017,Gujrat Lions,Innings,Batting,9.090909091
2016,Gujrat Lions,Innings,Batting,9.615384615
2017,Gujrat Lions,NotOuts,Batting,2.090909091
2016,Gujrat Lions,NotOuts,Batting,1.923076923
2017,Gujrat Lions,HighScore ,Batting,208.0909091
2016,Gujrat Lions,HighScore ,Batting,177.6153846
2017,Gujrat Lions,RunsScored,Batting,163.5
2016,Gujrat Lions,RunsScored,Batting,144.3125
2017,Gujrat Lions,BallsFaced,Batting,113.7857143
2016,Gujrat Lions,BallsFaced,Batting,112.6875
2017,Gujrat Lions,StrikeRate,Batting,140.2572727
2016,Gujrat Lions,StrikeRate,Batting,125.4176923
2017,Gujrat Lions,100s,Batting,0
2016,Gujrat Lions,100s,Batting,0
2017,Gujrat Lions,50s,Batting,0.857142857
2016,Gujrat Lions,50s,Batting,0.9375
2017,Gujrat Lions,4s,Batting,15.57142857
2016,Gujrat Lions,4s,Batting,15.0625
2017,Gujrat Lions,6s,Batting,6.5
2016,Gujrat Lions,6s,Batting,3.9375
2017,Gujrat Lions,MatchesWon,Batting,4
2016,Gujrat Lions,MatchesWon,Batting,9
2019,Kings Xi Punjab,Matches,Matches,14
2018,Kings Xi Punjab,Matches,Matches,14
2017,Kings Xi Punjab,Matches,Matches,14
2016,Kings Xi Punjab,Matches,Matches,14
2015,Kings Xi Punjab,Matches,Matches,14
2014,Kings Xi Punjab,Matches,Matches,17
2019,Kings Xi Punjab,BowlingEconomy,Bowling,8.923913043
2018,Kings Xi Punjab,BowlingEconomy,Bowling,8.64579404
2017,Kings Xi Punjab,BowlingEconomy,Bowling,8.440295605
2016,Kings Xi Punjab,BowlingEconomy,Bowling,8.419838524
2015,Kings Xi Punjab,BowlingEconomy,Bowling,8.732996502
2014,Kings Xi Punjab,BowlingEconomy,Bowling,8.298579631
2019,Kings Xi Punjab,WicketsPerOver,Bowling,0.25
2018,Kings Xi Punjab,WicketsPerOver,Bowling,0.28668427
2017,Kings Xi Punjab,WicketsPerOver,Bowling,0.280046674
2016,Kings Xi Punjab,WicketsPerOver,Bowling,0.242214533
2015,Kings Xi Punjab,WicketsPerOver,Bowling,0.252623397
2014,Kings Xi Punjab,WicketsPerOver,Bowling,0.314294349
2019,Kings Xi Punjab,TotalWickets,Bowling,69
2018,Kings Xi Punjab,TotalWickets,Bowling,76
2017,Kings Xi Punjab,TotalWickets,Bowling,72
2016,Kings Xi Punjab,TotalWickets,Bowling,63
2015,Kings Xi Punjab,TotalWickets,Bowling,65
2014,Kings Xi Punjab,TotalWickets,Bowling,104
2019,Kings Xi Punjab,WicketsPerMatch,Bowling,4.928571429
2018,Kings Xi Punjab,WicketsPerMatch,Bowling,5.428571429
2017,Kings Xi Punjab,WicketsPerMatch,Bowling,5.142857143
2016,Kings Xi Punjab,WicketsPerMatch,Bowling,4.5
2015,Kings Xi Punjab,WicketsPerMatch,Bowling,4.642857143
2014,Kings Xi Punjab,WicketsPerMatch,Bowling,6.117647059
2019,Kings Xi Punjab,Innings,Batting,8.090909091
2018,Kings Xi Punjab,Innings,Batting,8.5
2017,Kings Xi Punjab,Innings,Batting,7.076923077
2016,Kings Xi Punjab,Innings,Batting,7
2015,Kings Xi Punjab,Innings,Batting,8.066666667
2014,Kings Xi Punjab,Innings,Batting,9.916666667
2019,Kings Xi Punjab,NotOuts,Batting,1.909090909
2018,Kings Xi Punjab,NotOuts,Batting,1.333333333
2017,Kings Xi Punjab,NotOuts,Batting,1.230769231
2016,Kings Xi Punjab,NotOuts,Batting,1.266666667
2015,Kings Xi Punjab,NotOuts,Batting,1.266666667
2014,Kings Xi Punjab,NotOuts,Batting,2.25
2019,Kings Xi Punjab,HighScore ,Batting,210.3636364
2018,Kings Xi Punjab,HighScore ,Batting,173.4166667
2017,Kings Xi Punjab,HighScore ,Batting,158.9230769
2016,Kings Xi Punjab,HighScore ,Batting,134.1333333
2015,Kings Xi Punjab,HighScore ,Batting,124.8
2014,Kings Xi Punjab,HighScore ,Batting,234.5833333
2019,Kings Xi Punjab,RunsScored,Batting,165.2857143
2018,Kings Xi Punjab,RunsScored,Batting,148.6428571
2017,Kings Xi Punjab,RunsScored,Batting,147.5714286
2016,Kings Xi Punjab,RunsScored,Batting,143.7142857
2015,Kings Xi Punjab,RunsScored,Batting,133.7142857
2014,Kings Xi Punjab,RunsScored,Batting,165.5882353
2019,Kings Xi Punjab,BallsFaced,Batting,116.9285714
2018,Kings Xi Punjab,BallsFaced,Batting,108.4285714
2017,Kings Xi Punjab,BallsFaced,Batting,106.8571429
2016,Kings Xi Punjab,BallsFaced,Batting,112.5
2015,Kings Xi Punjab,BallsFaced,Batting,111.4285714
2014,Kings Xi Punjab,BallsFaced,Batting,115.7058824
2019,Kings Xi Punjab,StrikeRate,Batting,142.2354545
2018,Kings Xi Punjab,StrikeRate,Batting,123.985
2017,Kings Xi Punjab,StrikeRate,Batting,130.2684615
2016,Kings Xi Punjab,StrikeRate,Batting,141.9771429
2015,Kings Xi Punjab,StrikeRate,Batting,114.6657143
2014,Kings Xi Punjab,StrikeRate,Batting,129.4508333
2019,Kings Xi Punjab,100s,Batting,0.071428571
2018,Kings Xi Punjab,100s,Batting,0.071428571
2017,Kings Xi Punjab,100s,Batting,0.142857143
2016,Kings Xi Punjab,100s,Batting,0
2015,Kings Xi Punjab,100s,Batting,0
2014,Kings Xi Punjab,100s,Batting,0.117647059
2019,Kings Xi Punjab,50s,Batting,1.071428571
2018,Kings Xi Punjab,50s,Batting,0.785714286
2017,Kings Xi Punjab,50s,Batting,0.5
2016,Kings Xi Punjab,50s,Batting,1
2015,Kings Xi Punjab,50s,Batting,0.357142857
2014,Kings Xi Punjab,50s,Batting,0.647058824
2019,Kings Xi Punjab,4s,Batting,14.07142857
2018,Kings Xi Punjab,4s,Batting,11.78571429
2017,Kings Xi Punjab,4s,Batting,13.28571429
2016,Kings Xi Punjab,4s,Batting,13.64285714
2015,Kings Xi Punjab,4s,Batting,10.14285714
2014,Kings Xi Punjab,4s,Batting,15.35294118
2019,Kings Xi Punjab,6s,Batting,7.857142857
2018,Kings Xi Punjab,6s,Batting,7.428571429
2017,Kings Xi Punjab,6s,Batting,6.285714286
2016,Kings Xi Punjab,6s,Batting,3.714285714
2015,Kings Xi Punjab,6s,Batting,5.642857143
2014,Kings Xi Punjab,6s,Batting,7.470588235
2019,Kings Xi Punjab,MatchesWon,Batting,6
2018,Kings Xi Punjab,MatchesWon,Batting,6
2017,Kings Xi Punjab,MatchesWon,Batting,7
2016,Kings Xi Punjab,MatchesWon,Batting,4
2015,Kings Xi Punjab,MatchesWon,Batting,3
2014,Kings Xi Punjab,MatchesWon,Batting,11
2008,Kings Xi Punjab,MatchesWon,Batting,10
2009,Kings Xi Punjab,MatchesWon,Batting,7
2010,Kings Xi Punjab,MatchesWon,Batting,4
2011,Kings Xi Punjab,MatchesWon,Batting,7
2012,Kings Xi Punjab,MatchesWon,Batting,8
2013,Kings Xi Punjab,MatchesWon,Batting,8
2008,Kings Xi Punjab,100s,Batting,0.066666667
2009,Kings Xi Punjab,100s,Batting,0
2010,Kings Xi Punjab,100s,Batting,0.071428571
2011,Kings Xi Punjab,100s,Batting,0.142857143
2012,Kings Xi Punjab,100s,Batting,0
2013,Kings Xi Punjab,100s,Batting,0.0625
2008,Kings Xi Punjab,4s,Batting,15.2
2009,Kings Xi Punjab,4s,Batting,9.928571429
2010,Kings Xi Punjab,4s,Batting,16.28571429
2011,Kings Xi Punjab,4s,Batting,15.5
2012,Kings Xi Punjab,4s,Batting,15.78571429
2013,Kings Xi Punjab,4s,Batting,15.25
2008,Kings Xi Punjab,6s,Batting,6.266666667
2009,Kings Xi Punjab,6s,Batting,4.357142857
2010,Kings Xi Punjab,6s,Batting,4
2011,Kings Xi Punjab,6s,Batting,3.142857143
2012,Kings Xi Punjab,6s,Batting,4
2013,Kings Xi Punjab,6s,Batting,4.0625
2008,Kings Xi Punjab,50s,Batting,0.933333333
2009,Kings Xi Punjab,50s,Batting,0.5
2010,Kings Xi Punjab,50s,Batting,0.642857143
2011,Kings Xi Punjab,50s,Batting,0.714285714
2012,Kings Xi Punjab,50s,Batting,0.571428571
2013,Kings Xi Punjab,50s,Batting,0.625
2008,Kings Xi Punjab,RunsScored,Batting,153.8
2009,Kings Xi Punjab,RunsScored,Batting,125.8571429
2010,Kings Xi Punjab,RunsScored,Batting,149.9285714
2011,Kings Xi Punjab,RunsScored,Batting,125.7857143
2012,Kings Xi Punjab,RunsScored,Batting,157.1428571
2013,Kings Xi Punjab,RunsScored,Batting,143.4375
2008,Kings Xi Punjab,BallsFaced,Batting,109.7333333
2009,Kings Xi Punjab,BallsFaced,Batting,111.5714286
2010,Kings Xi Punjab,BallsFaced,Batting,114.2142857
2011,Kings Xi Punjab,BallsFaced,Batting,115.7142857
2012,Kings Xi Punjab,BallsFaced,Batting,129.0714286
2013,Kings Xi Punjab,BallsFaced,Batting,111.6875
2008,Kings Xi Punjab,BowlingEconomy,Bowling,8.585783402
2009,Kings Xi Punjab,BowlingEconomy,Bowling,7.10770472
2010,Kings Xi Punjab,BowlingEconomy,Bowling,8.680727874
2011,Kings Xi Punjab,BowlingEconomy,Bowling,7.075130575
2012,Kings Xi Punjab,BowlingEconomy,Bowling,7.360321178
2013,Kings Xi Punjab,BowlingEconomy,Bowling,7.963219986
2008,Kings Xi Punjab,Matches,Batting,15
2009,Kings Xi Punjab,Matches,Batting,14
2010,Kings Xi Punjab,Matches,Batting,14
2011,Kings Xi Punjab,Matches,Batting,14
2012,Kings Xi Punjab,Matches,Batting,14
2013,Kings Xi Punjab,Matches,Batting,16
2008,Kings Xi Punjab,NotOuts,Batting,2
2009,Kings Xi Punjab,NotOuts,Batting,2.090909091
2010,Kings Xi Punjab,NotOuts,Batting,1.545454545
2011,Kings Xi Punjab,NotOuts,Batting,1.818181818
2012,Kings Xi Punjab,NotOuts,Batting,2.181818182
2013,Kings Xi Punjab,NotOuts,Batting,2
2008,Kings Xi Punjab,TotalWickets,Bowling,80
2009,Kings Xi Punjab,TotalWickets,Bowling,71
2010,Kings Xi Punjab,TotalWickets,Bowling,60
2011,Kings Xi Punjab,TotalWickets,Bowling,78
2012,Kings Xi Punjab,TotalWickets,Bowling,86
2013,Kings Xi Punjab,TotalWickets,Bowling,75
2008,Kings Xi Punjab,WicketsPerMatch,Bowling,5.333333333
2009,Kings Xi Punjab,WicketsPerMatch,Bowling,5.071428571
2010,Kings Xi Punjab,WicketsPerMatch,Bowling,4.285714286
2011,Kings Xi Punjab,WicketsPerMatch,Bowling,5.571428571
2012,Kings Xi Punjab,WicketsPerMatch,Bowling,6.142857143
2013,Kings Xi Punjab,WicketsPerMatch,Bowling,4.6875
2008,Kings Xi Punjab,WicketsPerOver,Bowling,0.29772981
2009,Kings Xi Punjab,WicketsPerOver,Bowling,0.286405809
2010,Kings Xi Punjab,WicketsPerOver,Bowling,0.248138958
2011,Kings Xi Punjab,WicketsPerOver,Bowling,0.313378867
2012,Kings Xi Punjab,WicketsPerOver,Bowling,0.287721646
2013,Kings Xi Punjab,WicketsPerOver,Bowling,0.260235947
2008,Kings Xi Punjab,StrikeRate,Batting,133.25
2009,Kings Xi Punjab,StrikeRate,Batting,104.37
2010,Kings Xi Punjab,StrikeRate,Batting,123.2
2011,Kings Xi Punjab,StrikeRate,Batting,100.83
2012,Kings Xi Punjab,StrikeRate,Batting,125
2013,Kings Xi Punjab,StrikeRate,Batting,128.74
2011,Kochi Tuskers Kerala,MatchesWon,Batting,6
2011,Kochi Tuskers Kerala,100s,Batting,0
2011,Kochi Tuskers Kerala,4s,Batting,9
2011,Kochi Tuskers Kerala,6s,Batting,3.571428571
2011,Kochi Tuskers Kerala,50s,Batting,0.357142857
2011,Kochi Tuskers Kerala,RunsScored,Batting,117.0714286
2011,Kochi Tuskers Kerala,BallsFaced,Batting,99.64285714
2011,Kochi Tuskers Kerala,BowlingEconomy,Bowling,6.445143531
2011,Kochi Tuskers Kerala,Matches,Batting,14
2011,Kochi Tuskers Kerala,NotOuts,Batting,1.454545455
2011,Kochi Tuskers Kerala,TotalWickets,Bowling,62
2011,Kochi Tuskers Kerala,WicketsPerMatch,Bowling,4.428571429
2011,Kochi Tuskers Kerala,WicketsPerOver,Bowling,0.243806528
2011,Kochi Tuskers Kerala,StrikeRate,Batting,111.04
2019,Kolkata Knight Riders,Matches,Matches,14
2018,Kolkata Knight Riders,Matches,Matches,16
2017,Kolkata Knight Riders,Matches,Matches,16
2016,Kolkata Knight Riders,Matches,Matches,15
2015,Kolkata Knight Riders,Matches,Matches,14
2014,Kolkata Knight Riders,Matches,Matches,16
2019,Kolkata Knight Riders,BowlingEconomy,Bowling,8.946171342
2018,Kolkata Knight Riders,BowlingEconomy,Bowling,8.974867725
2017,Kolkata Knight Riders,BowlingEconomy,Bowling,8.255813953
2016,Kolkata Knight Riders,BowlingEconomy,Bowling,7.997847147
2015,Kolkata Knight Riders,BowlingEconomy,Bowling,8.172302738
2014,Kolkata Knight Riders,BowlingEconomy,Bowling,7.5213405
2019,Kolkata Knight Riders,WicketsPerOver,Bowling,0.204700531
2018,Kolkata Knight Riders,WicketsPerOver,Bowling,0.304232804
2017,Kolkata Knight Riders,WicketsPerOver,Bowling,0.302325581
2016,Kolkata Knight Riders,WicketsPerOver,Bowling,0.290635091
2015,Kolkata Knight Riders,WicketsPerOver,Bowling,0.281803543
2014,Kolkata Knight Riders,WicketsPerOver,Bowling,0.262409105
2019,Kolkata Knight Riders,TotalWickets,Bowling,54
2018,Kolkata Knight Riders,TotalWickets,Bowling,92
2017,Kolkata Knight Riders,TotalWickets,Bowling,91
2016,Kolkata Knight Riders,TotalWickets,Bowling,81
2015,Kolkata Knight Riders,TotalWickets,Bowling,70
2014,Kolkata Knight Riders,TotalWickets,Bowling,83
2019,Kolkata Knight Riders,WicketsPerMatch,Bowling,3.857142857
2018,Kolkata Knight Riders,WicketsPerMatch,Bowling,5.75
2017,Kolkata Knight Riders,WicketsPerMatch,Bowling,5.6875
2016,Kolkata Knight Riders,WicketsPerMatch,Bowling,5.4
2015,Kolkata Knight Riders,WicketsPerMatch,Bowling,5
2014,Kolkata Knight Riders,WicketsPerMatch,Bowling,5.1875
2019,Kolkata Knight Riders,Innings,Batting,8.818181818
2018,Kolkata Knight Riders,Innings,Batting,10.41666667
2017,Kolkata Knight Riders,Innings,Batting,8.230769231
2016,Kolkata Knight Riders,Innings,Batting,7.916666667
2015,Kolkata Knight Riders,Innings,Batting,8.818181818
2014,Kolkata Knight Riders,Innings,Batting,9.727272727
2019,Kolkata Knight Riders,NotOuts,Batting,2
2018,Kolkata Knight Riders,NotOuts,Batting,2
2017,Kolkata Knight Riders,NotOuts,Batting,1.615384615
2016,Kolkata Knight Riders,NotOuts,Batting,1.75
2015,Kolkata Knight Riders,NotOuts,Batting,2
2014,Kolkata Knight Riders,NotOuts,Batting,2.363636364
2019,Kolkata Knight Riders,HighScore ,Batting,212.2727273
2018,Kolkata Knight Riders,HighScore ,Batting,219
2017,Kolkata Knight Riders,HighScore ,Batting,178.9230769
2016,Kolkata Knight Riders,HighScore ,Batting,176.6666667
2015,Kolkata Knight Riders,HighScore ,Batting,174.7272727
2014,Kolkata Knight Riders,HighScore ,Batting,214.2727273
2019,Kolkata Knight Riders,RunsScored,Batting,166.7857143
2018,Kolkata Knight Riders,RunsScored,Batting,164.25
2017,Kolkata Knight Riders,RunsScored,Batting,145.375
2016,Kolkata Knight Riders,RunsScored,Batting,141.3333333
2015,Kolkata Knight Riders,RunsScored,Batting,137.2857143
2014,Kolkata Knight Riders,RunsScored,Batting,147.3125
2019,Kolkata Knight Riders,BallsFaced,Batting,114.6428571
2018,Kolkata Knight Riders,BallsFaced,Batting,114.25
2017,Kolkata Knight Riders,BallsFaced,Batting,104.4375
2016,Kolkata Knight Riders,BallsFaced,Batting,107.6666667
2015,Kolkata Knight Riders,BallsFaced,Batting,100
2014,Kolkata Knight Riders,BallsFaced,Batting,111.875
2019,Kolkata Knight Riders,StrikeRate,Batting,138.6490909
2018,Kolkata Knight Riders,StrikeRate,Batting,129.1166667
2017,Kolkata Knight Riders,StrikeRate,Batting,128.3223077
2016,Kolkata Knight Riders,StrikeRate,Batting,122.9208333
2015,Kolkata Knight Riders,StrikeRate,Batting,148.7045455
2014,Kolkata Knight Riders,StrikeRate,Batting,131.7754545
2019,Kolkata Knight Riders,100s,Batting,0
2018,Kolkata Knight Riders,100s,Batting,0
2017,Kolkata Knight Riders,100s,Batting,0
2016,Kolkata Knight Riders,100s,Batting,0
2015,Kolkata Knight Riders,100s,Batting,0
2014,Kolkata Knight Riders,100s,Batting,0
2019,Kolkata Knight Riders,50s,Batting,1.214285714
2018,Kolkata Knight Riders,50s,Batting,0.6875
2017,Kolkata Knight Riders,50s,Batting,1
2016,Kolkata Knight Riders,50s,Batting,1
2015,Kolkata Knight Riders,50s,Batting,0.571428571
2014,Kolkata Knight Riders,50s,Batting,0.8125
2019,Kolkata Knight Riders,4s,Batting,13.85714286
2018,Kolkata Knight Riders,4s,Batting,15.6875
2017,Kolkata Knight Riders,4s,Batting,14.0625
2016,Kolkata Knight Riders,4s,Batting,13
2015,Kolkata Knight Riders,4s,Batting,14.64285714
2014,Kolkata Knight Riders,4s,Batting,13.9375
2019,Kolkata Knight Riders,6s,Batting,10.14285714
2018,Kolkata Knight Riders,6s,Batting,8.0625
2017,Kolkata Knight Riders,6s,Batting,5.4375
2016,Kolkata Knight Riders,6s,Batting,4.266666667
2015,Kolkata Knight Riders,6s,Batting,4.571428571
2014,Kolkata Knight Riders,6s,Batting,4.75
2019,Kolkata Knight Riders,MatchesWon,Batting,6
2018,Kolkata Knight Riders,MatchesWon,Batting,9
2017,Kolkata Knight Riders,MatchesWon,Batting,8
2016,Kolkata Knight Riders,MatchesWon,Batting,8
2015,Kolkata Knight Riders,MatchesWon,Batting,7
2014,Kolkata Knight Riders,MatchesWon,Batting,11
2008,Kolkata Knight Riders,MatchesWon,Batting,6
2009,Kolkata Knight Riders,MatchesWon,Batting,3
2010,Kolkata Knight Riders,MatchesWon,Batting,7
2011,Kolkata Knight Riders,MatchesWon,Batting,9
2012,Kolkata Knight Riders,MatchesWon,Batting,12
2013,Kolkata Knight Riders,MatchesWon,Batting,6
2008,Kolkata Knight Riders,100s,Batting,0.076923077
2009,Kolkata Knight Riders,100s,Batting,0
2010,Kolkata Knight Riders,100s,Batting,0
2011,Kolkata Knight Riders,100s,Batting,0
2012,Kolkata Knight Riders,100s,Batting,0
2013,Kolkata Knight Riders,100s,Batting,0
2008,Kolkata Knight Riders,4s,Batting,11.76923077
2009,Kolkata Knight Riders,4s,Batting,9.153846154
2010,Kolkata Knight Riders,4s,Batting,14.14285714
2011,Kolkata Knight Riders,4s,Batting,12.2
2012,Kolkata Knight Riders,4s,Batting,12.17647059
2013,Kolkata Knight Riders,4s,Batting,13.375
2008,Kolkata Knight Riders,6s,Batting,5.384615385
2009,Kolkata Knight Riders,6s,Batting,4.230769231
2010,Kolkata Knight Riders,6s,Batting,4.5
2011,Kolkata Knight Riders,6s,Batting,2.933333333
2012,Kolkata Knight Riders,6s,Batting,4
2013,Kolkata Knight Riders,6s,Batting,3.25
2008,Kolkata Knight Riders,50s,Batting,0.538461538
2009,Kolkata Knight Riders,50s,Batting,0.384615385
2010,Kolkata Knight Riders,50s,Batting,0.857142857
2011,Kolkata Knight Riders,50s,Batting,0.6
2012,Kolkata Knight Riders,50s,Batting,0.647058824
2013,Kolkata Knight Riders,50s,Batting,0.5
2008,Kolkata Knight Riders,RunsScored,Batting,107.8461538
2009,Kolkata Knight Riders,RunsScored,Batting,113.6923077
2010,Kolkata Knight Riders,RunsScored,Batting,140.2857143
2011,Kolkata Knight Riders,RunsScored,Batting,121.2
2012,Kolkata Knight Riders,RunsScored,Batting,136.7058824
2013,Kolkata Knight Riders,RunsScored,Batting,126
2008,Kolkata Knight Riders,BallsFaced,Batting,106.1538462
2009,Kolkata Knight Riders,BallsFaced,Batting,100.5384615
2010,Kolkata Knight Riders,BallsFaced,Batting,102.8571429
2011,Kolkata Knight Riders,BallsFaced,Batting,103.4
2012,Kolkata Knight Riders,BallsFaced,Batting,113.2352941
2013,Kolkata Knight Riders,BallsFaced,Batting,108.625
2008,Kolkata Knight Riders,BowlingEconomy,Bowling,6.746871992
2009,Kolkata Knight Riders,BowlingEconomy,Bowling,6.062346185
2010,Kolkata Knight Riders,BowlingEconomy,Bowling,7.890719164
2011,Kolkata Knight Riders,BowlingEconomy,Bowling,6.546633057
2012,Kolkata Knight Riders,BowlingEconomy,Bowling,7.113559841
2013,Kolkata Knight Riders,BowlingEconomy,Bowling,6.697674419
2008,Kolkata Knight Riders,Matches,Batting,13
2009,Kolkata Knight Riders,Matches,Batting,13
2010,Kolkata Knight Riders,Matches,Batting,14
2011,Kolkata Knight Riders,Matches,Batting,15
2012,Kolkata Knight Riders,Matches,Batting,17
2013,Kolkata Knight Riders,Matches,Batting,16
2008,Kolkata Knight Riders,NotOuts,Batting,1.363636364
2009,Kolkata Knight Riders,NotOuts,Batting,1.545454545
2010,Kolkata Knight Riders,NotOuts,Batting,1.363636364
2011,Kolkata Knight Riders,NotOuts,Batting,1.454545455
2012,Kolkata Knight Riders,NotOuts,Batting,2.545454545
2013,Kolkata Knight Riders,NotOuts,Batting,1.454545455
2008,Kolkata Knight Riders,TotalWickets,Bowling,60
2009,Kolkata Knight Riders,TotalWickets,Bowling,52
2010,Kolkata Knight Riders,TotalWickets,Bowling,65
2011,Kolkata Knight Riders,TotalWickets,Bowling,76
2012,Kolkata Knight Riders,TotalWickets,Bowling,95
2013,Kolkata Knight Riders,TotalWickets,Bowling,86
2008,Kolkata Knight Riders,WicketsPerMatch,Bowling,4.615384615
2009,Kolkata Knight Riders,WicketsPerMatch,Bowling,4
2010,Kolkata Knight Riders,WicketsPerMatch,Bowling,4.642857143
2011,Kolkata Knight Riders,WicketsPerMatch,Bowling,5.066666667
2012,Kolkata Knight Riders,WicketsPerMatch,Bowling,5.588235294
2013,Kolkata Knight Riders,WicketsPerMatch,Bowling,5.375
2008,Kolkata Knight Riders,WicketsPerOver,Bowling,0.288739172
2009,Kolkata Knight Riders,WicketsPerOver,Bowling,0.213289582
2010,Kolkata Knight Riders,WicketsPerOver,Bowling,0.261149056
2011,Kolkata Knight Riders,WicketsPerOver,Bowling,0.273676629
2012,Kolkata Knight Riders,WicketsPerOver,Bowling,0.290786654
2013,Kolkata Knight Riders,WicketsPerOver,Bowling,0.285714286
2008,Kolkata Knight Riders,StrikeRate,Batting,128.09
2009,Kolkata Knight Riders,StrikeRate,Batting,112.71
2010,Kolkata Knight Riders,StrikeRate,Batting,121.77
2011,Kolkata Knight Riders,StrikeRate,Batting,117.66
2012,Kolkata Knight Riders,StrikeRate,Batting,120
2013,Kolkata Knight Riders,StrikeRate,Batting,114
2019,Mumbai Indians,Matches,Matches,16
2018,Mumbai Indians,Matches,Matches,14
2017,Mumbai Indians,Matches,Matches,17
2016,Mumbai Indians,Matches,Matches,14
2015,Mumbai Indians,Matches,Matches,16
2014,Mumbai Indians,Matches,Matches,15
2019,Mumbai Indians,BowlingEconomy,Bowling,8.068035944
2018,Mumbai Indians,BowlingEconomy,Bowling,8.170197224
2017,Mumbai Indians,BowlingEconomy,Bowling,7.808594941
2016,Mumbai Indians,BowlingEconomy,Bowling,7.904540163
2015,Mumbai Indians,BowlingEconomy,Bowling,8.519820972
2014,Mumbai Indians,BowlingEconomy,Bowling,7.773707774
2019,Mumbai Indians,WicketsPerOver,Bowling,0.295250321
2018,Mumbai Indians,WicketsPerOver,Bowling,0.310445581
2017,Mumbai Indians,WicketsPerOver,Bowling,0.301737275
2016,Mumbai Indians,WicketsPerOver,Bowling,0.240589833
2015,Mumbai Indians,WicketsPerOver,Bowling,0.274936061
2014,Mumbai Indians,WicketsPerOver,Bowling,0.256410256
2019,Mumbai Indians,TotalWickets,Bowling,92
2018,Mumbai Indians,TotalWickets,Bowling,85
2017,Mumbai Indians,TotalWickets,Bowling,99
2016,Mumbai Indians,TotalWickets,Bowling,62
2015,Mumbai Indians,TotalWickets,Bowling,86
2014,Mumbai Indians,TotalWickets,Bowling,63
2019,Mumbai Indians,WicketsPerMatch,Bowling,5.75
2018,Mumbai Indians,WicketsPerMatch,Bowling,6.071428571
2017,Mumbai Indians,WicketsPerMatch,Bowling,5.823529412
2016,Mumbai Indians,WicketsPerMatch,Bowling,4.428571429
2015,Mumbai Indians,WicketsPerMatch,Bowling,5.375
2014,Mumbai Indians,WicketsPerMatch,Bowling,4.2
2019,Mumbai Indians,Innings,Batting,8.357142857
2018,Mumbai Indians,Innings,Batting,10.3
2017,Mumbai Indians,Innings,Batting,9
2016,Mumbai Indians,Innings,Batting,8
2015,Mumbai Indians,Innings,Batting,8.615384615
2014,Mumbai Indians,Innings,Batting,9
2019,Mumbai Indians,NotOuts,Batting,1.857142857
2018,Mumbai Indians,NotOuts,Batting,1.9
2017,Mumbai Indians,NotOuts,Batting,2.066666667
2016,Mumbai Indians,NotOuts,Batting,1.846153846
2015,Mumbai Indians,NotOuts,Batting,2.076923077
2014,Mumbai Indians,NotOuts,Batting,1.916666667
2019,Mumbai Indians,HighScore ,Batting,181.4285714
2018,Mumbai Indians,HighScore ,Batting,222.9
2017,Mumbai Indians,HighScore ,Batting,173.8666667
2016,Mumbai Indians,HighScore ,Batting,159.4615385
2015,Mumbai Indians,HighScore ,Batting,200.3076923
2014,Mumbai Indians,HighScore ,Batting,185.5
2019,Mumbai Indians,RunsScored,Batting,158.75
2018,Mumbai Indians,RunsScored,Batting,159.2142857
2017,Mumbai Indians,RunsScored,Batting,153.4117647
2016,Mumbai Indians,RunsScored,Batting,148.0714286
2015,Mumbai Indians,RunsScored,Batting,162.75
2014,Mumbai Indians,RunsScored,Batting,148.4
2019,Mumbai Indians,BallsFaced,Batting,117
2018,Mumbai Indians,BallsFaced,Batting,116.6428571
2017,Mumbai Indians,BallsFaced,Batting,115.0588235
2016,Mumbai Indians,BallsFaced,Batting,112.9285714
2015,Mumbai Indians,BallsFaced,Batting,117
2014,Mumbai Indians,BallsFaced,Batting,115.4666667
2019,Mumbai Indians,StrikeRate,Batting,121.4957143
2018,Mumbai Indians,StrikeRate,Batting,130.876
2017,Mumbai Indians,StrikeRate,Batting,127.008
2016,Mumbai Indians,StrikeRate,Batting,129.1230769
2015,Mumbai Indians,StrikeRate,Batting,139.5584615
2014,Mumbai Indians,StrikeRate,Batting,122.845
2019,Mumbai Indians,100s,Batting,0
2018,Mumbai Indians,100s,Batting,0
2017,Mumbai Indians,100s,Batting,0
2016,Mumbai Indians,100s,Batting,0
2015,Mumbai Indians,100s,Batting,0
2014,Mumbai Indians,100s,Batting,0.066666667
2019,Mumbai Indians,50s,Batting,0.6875
2018,Mumbai Indians,50s,Batting,0.857142857
2017,Mumbai Indians,50s,Batting,0.941176471
2016,Mumbai Indians,50s,Batting,0.785714286
2015,Mumbai Indians,50s,Batting,1.1875
2014,Mumbai Indians,50s,Batting,0.8
2019,Mumbai Indians,4s,Batting,14.3125
2018,Mumbai Indians,4s,Batting,14.42857143
2017,Mumbai Indians,4s,Batting,13.17647059
2016,Mumbai Indians,4s,Batting,13.14285714
2015,Mumbai Indians,4s,Batting,15.0625
2014,Mumbai Indians,4s,Batting,13.13333333
2019,Mumbai Indians,6s,Batting,7.1875
2018,Mumbai Indians,6s,Batting,7.571428571
2017,Mumbai Indians,6s,Batting,6.764705882
2016,Mumbai Indians,6s,Batting,6.5
2015,Mumbai Indians,6s,Batting,7.5
2014,Mumbai Indians,6s,Batting,5.733333333
2019,Mumbai Indians,MatchesWon,Batting,11
2018,Mumbai Indians,MatchesWon,Batting,6
2017,Mumbai Indians,MatchesWon,Batting,12
2016,Mumbai Indians,MatchesWon,Batting,7
2015,Mumbai Indians,MatchesWon,Batting,10
2014,Mumbai Indians,MatchesWon,Batting,8
2008,Mumbai Indians,MatchesWon,Batting,7
2009,Mumbai Indians,MatchesWon,Batting,5
2010,Mumbai Indians,MatchesWon,Batting,11
2011,Mumbai Indians,MatchesWon,Batting,9
2012,Mumbai Indians,MatchesWon,Batting,10
2013,Mumbai Indians,MatchesWon,Batting,13
2008,Mumbai Indians,100s,Batting,0.071428571
2009,Mumbai Indians,100s,Batting,0
2010,Mumbai Indians,100s,Batting,0
2011,Mumbai Indians,100s,Batting,0.0625
2012,Mumbai Indians,100s,Batting,0.058823529
2013,Mumbai Indians,100s,Batting,0
2008,Mumbai Indians,4s,Batting,13.35714286
2009,Mumbai Indians,4s,Batting,11
2010,Mumbai Indians,4s,Batting,17.13333333
2011,Mumbai Indians,4s,Batting,13.6875
2012,Mumbai Indians,4s,Batting,12.70588235
2013,Mumbai Indians,4s,Batting,11.05263158
2008,Mumbai Indians,6s,Batting,5
2009,Mumbai Indians,6s,Batting,4.153846154
2010,Mumbai Indians,6s,Batting,5
2011,Mumbai Indians,6s,Batting,3.4375
2012,Mumbai Indians,6s,Batting,4.588235294
2013,Mumbai Indians,6s,Batting,6.105263158
2008,Mumbai Indians,50s,Batting,0.285714286
2009,Mumbai Indians,50s,Batting,1
2010,Mumbai Indians,50s,Batting,0.8
2011,Mumbai Indians,50s,Batting,0.625
2012,Mumbai Indians,50s,Batting,0.764705882
2013,Mumbai Indians,50s,Batting,0.789473684
2008,Mumbai Indians,RunsScored,Batting,125.6428571
2009,Mumbai Indians,RunsScored,Batting,133
2010,Mumbai Indians,RunsScored,Batting,168.2
2011,Mumbai Indians,RunsScored,Batting,130.5
2012,Mumbai Indians,RunsScored,Batting,134.3529412
2013,Mumbai Indians,RunsScored,Batting,147.5789474
2008,Mumbai Indians,BallsFaced,Batting,96.42857143
2009,Mumbai Indians,BallsFaced,Batting,103.0769231
2010,Mumbai Indians,BallsFaced,Batting,125.4666667
2011,Mumbai Indians,BallsFaced,Batting,111.3125
2012,Mumbai Indians,BallsFaced,Batting,111.4117647
2013,Mumbai Indians,BallsFaced,Batting,116.0526316
2008,Mumbai Indians,BowlingEconomy,Bowling,6.783648284
2009,Mumbai Indians,BowlingEconomy,Bowling,6.966156326
2010,Mumbai Indians,BowlingEconomy,Bowling,8.274844211
2011,Mumbai Indians,BowlingEconomy,Bowling,7.831957989
2012,Mumbai Indians,BowlingEconomy,Bowling,7.110834371
2013,Mumbai Indians,BowlingEconomy,Bowling,7.858744395
2008,Mumbai Indians,Matches,Batting,14
2009,Mumbai Indians,Matches,Batting,13
2010,Mumbai Indians,Matches,Batting,15
2011,Mumbai Indians,Matches,Batting,16
2012,Mumbai Indians,Matches,Batting,17
2013,Mumbai Indians,Matches,Batting,19
2008,Mumbai Indians,NotOuts,Batting,1.272727273
2009,Mumbai Indians,NotOuts,Batting,1.272727273
2010,Mumbai Indians,NotOuts,Batting,2.181818182
2011,Mumbai Indians,NotOuts,Batting,2.272727273
2012,Mumbai Indians,NotOuts,Batting,2
2013,Mumbai Indians,NotOuts,Batting,2.636363636
2008,Mumbai Indians,TotalWickets,Bowling,83
2009,Mumbai Indians,TotalWickets,Bowling,71
2010,Mumbai Indians,TotalWickets,Bowling,80
2011,Mumbai Indians,TotalWickets,Bowling,86
2012,Mumbai Indians,TotalWickets,Bowling,75
2013,Mumbai Indians,TotalWickets,Bowling,117
2008,Mumbai Indians,WicketsPerMatch,Bowling,5.928571429
2009,Mumbai Indians,WicketsPerMatch,Bowling,5.461538462
2010,Mumbai Indians,WicketsPerMatch,Bowling,5.333333333
2011,Mumbai Indians,WicketsPerMatch,Bowling,5.375
2012,Mumbai Indians,WicketsPerMatch,Bowling,4.411764706
2013,Mumbai Indians,WicketsPerMatch,Bowling,6.157894737
2008,Mumbai Indians,WicketsPerOver,Bowling,0.320092557
2009,Mumbai Indians,WicketsPerOver,Bowling,0.286059629
2010,Mumbai Indians,WicketsPerOver,Bowling,0.262381109
2011,Mumbai Indians,WicketsPerOver,Bowling,0.322580645
2012,Mumbai Indians,WicketsPerOver,Bowling,0.233499377
2013,Mumbai Indians,WicketsPerOver,Bowling,0.327914798
2008,Mumbai Indians,StrikeRate,Batting,123.7
2009,Mumbai Indians,StrikeRate,Batting,115.65
2010,Mumbai Indians,StrikeRate,Batting,125.13
2011,Mumbai Indians,StrikeRate,Batting,121.1
2012,Mumbai Indians,StrikeRate,Batting,119.46
2013,Mumbai Indians,StrikeRate,Batting,124.62
2011,Pune Warriors India,100s,Batting,0
2012,Pune Warriors India,100s,Batting,0
2013,Pune Warriors India,100s,Batting,0
2011,Pune Warriors India,4s,Batting,10.78571429
2012,Pune Warriors India,4s,Batting,12.57142857
2013,Pune Warriors India,4s,Batting,11.3125
2011,Pune Warriors India,6s,Batting,4.071428571
2012,Pune Warriors India,6s,Batting,4.285714286
2013,Pune Warriors India,6s,Batting,4.6875
2011,Pune Warriors India,50s,Batting,0.357142857
2012,Pune Warriors India,50s,Batting,0.357142857
2013,Pune Warriors India,50s,Batting,0.4375
2011,Pune Warriors India,RunsScored,Batting,110.9285714
2012,Pune Warriors India,RunsScored,Batting,148.5714286
2013,Pune Warriors India,RunsScored,Batting,128.375
2011,Pune Warriors India,BallsFaced,Batting,94.92857143
2012,Pune Warriors India,BallsFaced,Batting,128.8571429
2013,Pune Warriors India,BallsFaced,Batting,109.3125
2011,Pune Warriors India,BowlingEconomy,Bowling,6.850463167
2012,Pune Warriors India,BowlingEconomy,Bowling,6.901128069
2013,Pune Warriors India,BowlingEconomy,Bowling,6.946229286
2011,Pune Warriors India,Matches,Batting,14
2012,Pune Warriors India,Matches,Batting,14
2013,Pune Warriors India,Matches,Batting,16
2011,Pune Warriors India,NotOuts,Batting,1.181818182
2012,Pune Warriors India,NotOuts,Batting,1.818181818
2013,Pune Warriors India,NotOuts,Batting,1.363636364
2011,Pune Warriors India,TotalWickets,Bowling,64
2012,Pune Warriors India,TotalWickets,Bowling,72
2013,Pune Warriors India,TotalWickets,Bowling,78
2011,Pune Warriors India,WicketsPerMatch,Bowling,4.571428571
2012,Pune Warriors India,WicketsPerMatch,Bowling,5.142857143
2013,Pune Warriors India,WicketsPerMatch,Bowling,4.875
2011,Pune Warriors India,WicketsPerOver,Bowling,0.282311425
2012,Pune Warriors India,WicketsPerOver,Bowling,0.238885202
2013,Pune Warriors India,WicketsPerOver,Bowling,0.263780859
2011,Pune Warriors India,StrikeRate,Batting,110
2012,Pune Warriors India,StrikeRate,Batting,121
2013,Pune Warriors India,StrikeRate,Batting,113.86
2019,Rajasthan Royals,Matches,Matches,14
2018,Rajasthan Royals,Matches,Matches,15
2015,Rajasthan Royals,Matches,Matches,14
2014,Rajasthan Royals,Matches,Matches,14
2019,Rajasthan Royals,BowlingEconomy,Bowling,8.636363636
2018,Rajasthan Royals,BowlingEconomy,Bowling,8.521229868
2015,Rajasthan Royals,BowlingEconomy,Bowling,8.442593263
2014,Rajasthan Royals,BowlingEconomy,Bowling,7.847014925
2019,Rajasthan Royals,WicketsPerOver,Bowling,0.279106858
2018,Rajasthan Royals,WicketsPerOver,Bowling,0.27818448
2015,Rajasthan Royals,WicketsPerOver,Bowling,0.228178196
2014,Rajasthan Royals,WicketsPerOver,Bowling,0.279850746
2019,Rajasthan Royals,TotalWickets,Bowling,70
2018,Rajasthan Royals,TotalWickets,Bowling,76
2015,Rajasthan Royals,TotalWickets,Bowling,63
2014,Rajasthan Royals,TotalWickets,Bowling,75
2019,Rajasthan Royals,WicketsPerMatch,Bowling,5
2018,Rajasthan Royals,WicketsPerMatch,Bowling,5.066666667
2015,Rajasthan Royals,WicketsPerMatch,Bowling,4.5
2014,Rajasthan Royals,WicketsPerMatch,Bowling,5.357142857
2019,Rajasthan Royals,Innings,Batting,7.416666667
2018,Rajasthan Royals,Innings,Batting,9
2015,Rajasthan Royals,Innings,Batting,9.5
2014,Rajasthan Royals,Innings,Batting,7.066666667
2019,Rajasthan Royals,NotOuts,Batting,1.583333333
2018,Rajasthan Royals,NotOuts,Batting,1.692307692
2015,Rajasthan Royals,NotOuts,Batting,2
2014,Rajasthan Royals,NotOuts,Batting,1.533333333
2019,Rajasthan Royals,HighScore ,Batting,173.1666667
2018,Rajasthan Royals,HighScore ,Batting,173.6153846
2015,Rajasthan Royals,HighScore ,Batting,202.3
2014,Rajasthan Royals,HighScore ,Batting,136.1333333
2019,Rajasthan Royals,RunsScored,Batting,148.4285714
2018,Rajasthan Royals,RunsScored,Batting,150.4666667
2015,Rajasthan Royals,RunsScored,Batting,144.5
2014,Rajasthan Royals,RunsScored,Batting,145.8571429
2019,Rajasthan Royals,BallsFaced,Batting,109.3571429
2018,Rajasthan Royals,BallsFaced,Batting,112.5333333
2015,Rajasthan Royals,BallsFaced,Batting,108.8571429
2014,Rajasthan Royals,BallsFaced,Batting,113.5
2019,Rajasthan Royals,StrikeRate,Batting,137.2566667
2018,Rajasthan Royals,StrikeRate,Batting,124.7792308
2015,Rajasthan Royals,StrikeRate,Batting,136.112
2014,Rajasthan Royals,StrikeRate,Batting,130.0706667
2019,Rajasthan Royals,100s,Batting,0.142857143
2018,Rajasthan Royals,100s,Batting,0
2015,Rajasthan Royals,100s,Batting,0.071428571
2014,Rajasthan Royals,100s,Batting,0
2019,Rajasthan Royals,50s,Batting,0.642857143
2018,Rajasthan Royals,50s,Batting,0.666666667
2015,Rajasthan Royals,50s,Batting,0.714285714
2014,Rajasthan Royals,50s,Batting,0.714285714
2019,Rajasthan Royals,4s,Batting,14.5
2018,Rajasthan Royals,4s,Batting,12.86666667
2015,Rajasthan Royals,4s,Batting,13.28571429
2014,Rajasthan Royals,4s,Batting,11.78571429
2019,Rajasthan Royals,6s,Batting,4.714285714
2018,Rajasthan Royals,6s,Batting,5.133333333
2015,Rajasthan Royals,6s,Batting,4.642857143
2014,Rajasthan Royals,6s,Batting,6.142857143
2019,Rajasthan Royals,MatchesWon,Batting,5
2018,Rajasthan Royals,MatchesWon,Batting,7
2015,Rajasthan Royals,MatchesWon,Batting,7
2014,Rajasthan Royals,MatchesWon,Batting,7
2008,Rajasthan Royals,MatchesWon,Batting,12
2009,Rajasthan Royals,MatchesWon,Batting,6
2010,Rajasthan Royals,MatchesWon,Batting,6
2011,Rajasthan Royals,MatchesWon,Batting,6
2012,Rajasthan Royals,MatchesWon,Batting,7
2013,Rajasthan Royals,MatchesWon,Batting,10
2008,Rajasthan Royals,100s,Batting,0
2009,Rajasthan Royals,100s,Batting,0
2010,Rajasthan Royals,100s,Batting,0.071428571
2011,Rajasthan Royals,100s,Batting,0
2012,Rajasthan Royals,100s,Batting,0.071428571
2013,Rajasthan Royals,100s,Batting,0.055555556
2008,Rajasthan Royals,4s,Batting,16.1875
2009,Rajasthan Royals,4s,Batting,11.07692308
2010,Rajasthan Royals,4s,Batting,13.85714286
2011,Rajasthan Royals,4s,Batting,10.35714286
2012,Rajasthan Royals,4s,Batting,17
2013,Rajasthan Royals,4s,Batting,14.55555556
2008,Rajasthan Royals,6s,Batting,5.1875
2009,Rajasthan Royals,6s,Batting,3.153846154
2010,Rajasthan Royals,6s,Batting,5.071428571
2011,Rajasthan Royals,6s,Batting,3
2012,Rajasthan Royals,6s,Batting,4.928571429
2013,Rajasthan Royals,6s,Batting,3.888888889
2008,Rajasthan Royals,50s,Batting,0.9375
2009,Rajasthan Royals,50s,Batting,0.384615385
2010,Rajasthan Royals,50s,Batting,0.571428571
2011,Rajasthan Royals,50s,Batting,0.285714286
2012,Rajasthan Royals,50s,Batting,0.714285714
2013,Rajasthan Royals,50s,Batting,0.666666667
2008,Rajasthan Royals,RunsScored,Batting,149.5
2009,Rajasthan Royals,RunsScored,Batting,119.2307692
2010,Rajasthan Royals,RunsScored,Batting,138.7142857
2011,Rajasthan Royals,RunsScored,Batting,109.2857143
2012,Rajasthan Royals,RunsScored,Batting,166.9285714
2013,Rajasthan Royals,RunsScored,Batting,128.2777778
2008,Rajasthan Royals,BallsFaced,Batting,109.4375
2009,Rajasthan Royals,BallsFaced,Batting,110.6923077
2010,Rajasthan Royals,BallsFaced,Batting,105
2011,Rajasthan Royals,BallsFaced,Batting,93.78571429
2012,Rajasthan Royals,BallsFaced,Batting,132.4285714
2013,Rajasthan Royals,BallsFaced,Batting,112.9444444
2008,Rajasthan Royals,BowlingEconomy,Bowling,7.524378735
2009,Rajasthan Royals,BowlingEconomy,Bowling,6.040530008
2010,Rajasthan Royals,BowlingEconomy,Bowling,8.302693459
2011,Rajasthan Royals,BowlingEconomy,Bowling,6.815144766
2012,Rajasthan Royals,BowlingEconomy,Bowling,7.577821012
2013,Rajasthan Royals,BowlingEconomy,Bowling,6.988498789
2008,Rajasthan Royals,Matches,Batting,16
2009,Rajasthan Royals,Matches,Batting,13
2010,Rajasthan Royals,Matches,Batting,14
2011,Rajasthan Royals,Matches,Batting,14
2012,Rajasthan Royals,Matches,Batting,14
2013,Rajasthan Royals,Matches,Batting,18
2008,Rajasthan Royals,NotOuts,Batting,2.181818182
2009,Rajasthan Royals,NotOuts,Batting,1.636363636
2010,Rajasthan Royals,NotOuts,Batting,1.181818182
2011,Rajasthan Royals,NotOuts,Batting,1.454545455
2012,Rajasthan Royals,NotOuts,Batting,1.818181818
2013,Rajasthan Royals,NotOuts,Batting,2.636363636
2008,Rajasthan Royals,TotalWickets,Bowling,99
2009,Rajasthan Royals,TotalWickets,Bowling,77
2010,Rajasthan Royals,TotalWickets,Bowling,56
2011,Rajasthan Royals,TotalWickets,Bowling,55
2012,Rajasthan Royals,TotalWickets,Bowling,88
2013,Rajasthan Royals,TotalWickets,Bowling,96
2008,Rajasthan Royals,WicketsPerMatch,Bowling,6.1875
2009,Rajasthan Royals,WicketsPerMatch,Bowling,5.923076923
2010,Rajasthan Royals,WicketsPerMatch,Bowling,4
2011,Rajasthan Royals,WicketsPerMatch,Bowling,3.928571429
2012,Rajasthan Royals,WicketsPerMatch,Bowling,6.285714286
2013,Rajasthan Royals,WicketsPerMatch,Bowling,5.333333333
2008,Rajasthan Royals,WicketsPerOver,Bowling,0.311418685
2009,Rajasthan Royals,WicketsPerOver,Bowling,0.300077942
2010,Rajasthan Royals,WicketsPerOver,Bowling,0.239418555
2011,Rajasthan Royals,WicketsPerOver,Bowling,0.244988864
2012,Rajasthan Royals,WicketsPerOver,Bowling,0.285343709
2013,Rajasthan Royals,WicketsPerOver,Bowling,0.290556901
2008,Rajasthan Royals,StrikeRate,Batting,131.48
2009,Rajasthan Royals,StrikeRate,Batting,103.31
2010,Rajasthan Royals,StrikeRate,Batting,131.14
2011,Rajasthan Royals,StrikeRate,Batting,113.8
2012,Rajasthan Royals,StrikeRate,Batting,130.9
2013,Rajasthan Royals,StrikeRate,Batting,129.39
2017,Rising Pune Supergiants,Matches,Matches,16
2016,Rising Pune Supergiants,Matches,Matches,14
2017,Rising Pune Supergiants,BowlingEconomy,Bowling,7.696538337
2016,Rising Pune Supergiants,BowlingEconomy,Bowling,8.063393893
2017,Rising Pune Supergiants,WicketsPerOver,Bowling,0.323519896
2016,Rising Pune Supergiants,WicketsPerOver,Bowling,0.270583688
2017,Rising Pune Supergiants,TotalWickets,Bowling,100
2016,Rising Pune Supergiants,TotalWickets,Bowling,70
2017,Rising Pune Supergiants,WicketsPerMatch,Bowling,6.25
2016,Rising Pune Supergiants,WicketsPerMatch,Bowling,5
2017,Rising Pune Supergiants,Innings,Batting,9.090909091
2016,Rising Pune Supergiants,Innings,Batting,7
2017,Rising Pune Supergiants,NotOuts,Batting,1.545454545
2016,Rising Pune Supergiants,NotOuts,Batting,2
2017,Rising Pune Supergiants,HighScore ,Batting,212.2727273
2016,Rising Pune Supergiants,HighScore ,Batting,161.25
2017,Rising Pune Supergiants,RunsScored,Batting,145.9375
2016,Rising Pune Supergiants,RunsScored,Batting,138.2142857
2017,Rising Pune Supergiants,BallsFaced,Batting,112.375
2016,Rising Pune Supergiants,BallsFaced,Batting,106.2142857
2017,Rising Pune Supergiants,StrikeRate,Batting,139.5027273
2016,Rising Pune Supergiants,StrikeRate,Batting,134.36
2017,Rising Pune Supergiants,100s,Batting,0.0625
2016,Rising Pune Supergiants,100s,Batting,0.071428571
2017,Rising Pune Supergiants,50s,Batting,0.6875
2016,Rising Pune Supergiants,50s,Batting,0.785714286
2017,Rising Pune Supergiants,4s,Batting,12.125
2016,Rising Pune Supergiants,4s,Batting,12.21428571
2017,Rising Pune Supergiants,6s,Batting,5.5625
2016,Rising Pune Supergiants,6s,Batting,4.857142857
2017,Rising Pune Supergiants,MatchesWon,Batting,10
2016,Rising Pune Supergiants,MatchesWon,Batting,5
2011,Rising Pune Supergiants,MatchesWon,Batting,4
2012,Rising Pune Supergiants,MatchesWon,Batting,4
2013,Rising Pune Supergiants,MatchesWon,Batting,4
2019,Royal Challengers Bangalore,Matches,Matches,14
2018,Royal Challengers Bangalore,Matches,Matches,14
2017,Royal Challengers Bangalore,Matches,Matches,14
2016,Royal Challengers Bangalore,Matches,Matches,16
2015,Royal Challengers Bangalore,Matches,Matches,16
2014,Royal Challengers Bangalore,Matches,Matches,14
2019,Royal Challengers Bangalore,BowlingEconomy,Bowling,8.745548081
2018,Royal Challengers Bangalore,BowlingEconomy,Bowling,8.692907538
2017,Royal Challengers Bangalore,BowlingEconomy,Bowling,8.288925895
2016,Royal Challengers Bangalore,BowlingEconomy,Bowling,8.652505808
2015,Royal Challengers Bangalore,BowlingEconomy,Bowling,8.309422257
2014,Royal Challengers Bangalore,BowlingEconomy,Bowling,7.923538231
2019,Royal Challengers Bangalore,WicketsPerOver,Bowling,0.257222002
2018,Royal Challengers Bangalore,WicketsPerOver,Bowling,0.274786483
2017,Royal Challengers Bangalore,WicketsPerOver,Bowling,0.316402998
2016,Royal Challengers Bangalore,WicketsPerOver,Bowling,0.295386658
2015,Royal Challengers Bangalore,WicketsPerOver,Bowling,0.356727414
2014,Royal Challengers Bangalore,WicketsPerOver,Bowling,0.251124438
2019,Royal Challengers Bangalore,TotalWickets,Bowling,65
2018,Royal Challengers Bangalore,TotalWickets,Bowling,74
2017,Royal Challengers Bangalore,TotalWickets,Bowling,76
2016,Royal Challengers Bangalore,TotalWickets,Bowling,89
2015,Royal Challengers Bangalore,TotalWickets,Bowling,92
2014,Royal Challengers Bangalore,TotalWickets,Bowling,67
2019,Royal Challengers Bangalore,WicketsPerMatch,Bowling,4.642857143
2018,Royal Challengers Bangalore,WicketsPerMatch,Bowling,5.285714286
2017,Royal Challengers Bangalore,WicketsPerMatch,Bowling,5.428571429
2016,Royal Challengers Bangalore,WicketsPerMatch,Bowling,5.5625
2015,Royal Challengers Bangalore,WicketsPerMatch,Bowling,5.75
2014,Royal Challengers Bangalore,WicketsPerMatch,Bowling,4.785714286
2019,Royal Challengers Bangalore,Innings,Batting,6.785714286
2018,Royal Challengers Bangalore,Innings,Batting,6.733333333
2017,Royal Challengers Bangalore,Innings,Batting,7.615384615
2016,Royal Challengers Bangalore,Innings,Batting,8.454545455
2015,Royal Challengers Bangalore,Innings,Batting,6.8
2014,Royal Challengers Bangalore,Innings,Batting,6.8
2019,Royal Challengers Bangalore,NotOuts,Batting,1.357142857
2018,Royal Challengers Bangalore,NotOuts,Batting,1.466666667
2017,Royal Challengers Bangalore,NotOuts,Batting,1.153846154
2016,Royal Challengers Bangalore,NotOuts,Batting,2.181818182
2015,Royal Challengers Bangalore,NotOuts,Batting,1.666666667
2014,Royal Challengers Bangalore,NotOuts,Batting,1.4
2019,Royal Challengers Bangalore,HighScore ,Batting,150.5
2018,Royal Challengers Bangalore,HighScore ,Batting,148.8666667
2017,Royal Challengers Bangalore,HighScore ,Batting,131.8461538
2016,Royal Challengers Bangalore,HighScore ,Batting,258.5454545
2015,Royal Challengers Bangalore,HighScore ,Batting,145.2666667
2014,Royal Challengers Bangalore,HighScore ,Batting,132.2
2019,Royal Challengers Bangalore,RunsScored,Batting,150.5
2018,Royal Challengers Bangalore,RunsScored,Batting,159.5
2017,Royal Challengers Bangalore,RunsScored,Batting,122.4285714
2016,Royal Challengers Bangalore,RunsScored,Batting,177.75
2015,Royal Challengers Bangalore,RunsScored,Batting,136.1875
2014,Royal Challengers Bangalore,RunsScored,Batting,141.6428571
2019,Royal Challengers Bangalore,BallsFaced,Batting,108.8571429
2018,Royal Challengers Bangalore,BallsFaced,Batting,111.8571429
2017,Royal Challengers Bangalore,BallsFaced,Batting,101.0714286
2016,Royal Challengers Bangalore,BallsFaced,Batting,115.625
2015,Royal Challengers Bangalore,BallsFaced,Batting,94.125
2014,Royal Challengers Bangalore,BallsFaced,Batting,114.7142857
2019,Royal Challengers Bangalore,StrikeRate,Batting,119.63
2018,Royal Challengers Bangalore,StrikeRate,Batting,132.4713333
2017,Royal Challengers Bangalore,StrikeRate,Batting,112.9553846
2016,Royal Challengers Bangalore,StrikeRate,Batting,152.7781818
2015,Royal Challengers Bangalore,StrikeRate,Batting,135.1986667
2014,Royal Challengers Bangalore,StrikeRate,Batting,118.694
2019,Royal Challengers Bangalore,100s,Batting,0.071428571
2018,Royal Challengers Bangalore,100s,Batting,0
2017,Royal Challengers Bangalore,100s,Batting,0
2016,Royal Challengers Bangalore,100s,Batting,0.3125
2015,Royal Challengers Bangalore,100s,Batting,0.125
2014,Royal Challengers Bangalore,100s,Batting,0
2019,Royal Challengers Bangalore,50s,Batting,0.928571429
2018,Royal Challengers Bangalore,50s,Batting,0.928571429
2017,Royal Challengers Bangalore,50s,Batting,0.642857143
2016,Royal Challengers Bangalore,50s,Batting,1.1875
2015,Royal Challengers Bangalore,50s,Batting,0.5
2014,Royal Challengers Bangalore,50s,Batting,0.642857143
2019,Royal Challengers Bangalore,4s,Batting,13.28571429
2018,Royal Challengers Bangalore,4s,Batting,13.78571429
2017,Royal Challengers Bangalore,4s,Batting,9.5
2016,Royal Challengers Bangalore,4s,Batting,14.875
2015,Royal Challengers Bangalore,4s,Batting,12.8125
2014,Royal Challengers Bangalore,4s,Batting,11.71428571
2019,Royal Challengers Bangalore,6s,Batting,6.642857143
2018,Royal Challengers Bangalore,6s,Batting,7.571428571
2017,Royal Challengers Bangalore,6s,Batting,5.285714286
2016,Royal Challengers Bangalore,6s,Batting,8.875
2015,Royal Challengers Bangalore,6s,Batting,6.5
2014,Royal Challengers Bangalore,6s,Batting,6.571428571
2019,Royal Challengers Bangalore,MatchesWon,Batting,5
2018,Royal Challengers Bangalore,MatchesWon,Batting,6
2017,Royal Challengers Bangalore,MatchesWon,Batting,3
2016,Royal Challengers Bangalore,MatchesWon,Batting,9
2015,Royal Challengers Bangalore,MatchesWon,Batting,9
2014,Royal Challengers Bangalore,MatchesWon,Batting,5
2008,Royal Challengers Bangalore,MatchesWon,Batting,4
2009,Royal Challengers Bangalore,MatchesWon,Batting,9
2010,Royal Challengers Bangalore,MatchesWon,Batting,7
2011,Royal Challengers Bangalore,MatchesWon,Batting,9
2012,Royal Challengers Bangalore,MatchesWon,Batting,8
2013,Royal Challengers Bangalore,MatchesWon,Batting,9
2008,Royal Challengers Bangalore,100s,Batting,0
2009,Royal Challengers Bangalore,100s,Batting,0.0625
2010,Royal Challengers Bangalore,100s,Batting,0
2011,Royal Challengers Bangalore,100s,Batting,0.133333333
2012,Royal Challengers Bangalore,100s,Batting,0.071428571
2013,Royal Challengers Bangalore,100s,Batting,0
2008,Royal Challengers Bangalore,4s,Batting,13.14285714
2009,Royal Challengers Bangalore,4s,Batting,12
2010,Royal Challengers Bangalore,4s,Batting,13.93333333
2011,Royal Challengers Bangalore,4s,Batting,14.4
2012,Royal Challengers Bangalore,4s,Batting,12.71428571
2013,Royal Challengers Bangalore,4s,Batting,13.9375
2008,Royal Challengers Bangalore,6s,Batting,4.214285714
2009,Royal Challengers Bangalore,6s,Batting,4.1875
2010,Royal Challengers Bangalore,6s,Batting,4.933333333
2011,Royal Challengers Bangalore,6s,Batting,6.066666667
2012,Royal Challengers Bangalore,6s,Batting,8.357142857
2013,Royal Challengers Bangalore,6s,Batting,6.4375
2008,Royal Challengers Bangalore,50s,Batting,0.5
2009,Royal Challengers Bangalore,50s,Batting,0.4375
2010,Royal Challengers Bangalore,50s,Batting,0.866666667
2011,Royal Challengers Bangalore,50s,Batting,0.733333333
2012,Royal Challengers Bangalore,50s,Batting,1.142857143
2013,Royal Challengers Bangalore,50s,Batting,0.625
2008,Royal Challengers Bangalore,RunsScored,Batting,132.2857143
2009,Royal Challengers Bangalore,RunsScored,Batting,134.625
2010,Royal Challengers Bangalore,RunsScored,Batting,147.9333333
2011,Royal Challengers Bangalore,RunsScored,Batting,148.4666667
2012,Royal Challengers Bangalore,RunsScored,Batting,161.6428571
2013,Royal Challengers Bangalore,RunsScored,Batting,147.5
2008,Royal Challengers Bangalore,BallsFaced,Batting,105
2009,Royal Challengers Bangalore,BallsFaced,Batting,115.4375
2010,Royal Challengers Bangalore,BallsFaced,Batting,113.6666667
2011,Royal Challengers Bangalore,BallsFaced,Batting,110.8
2012,Royal Challengers Bangalore,BallsFaced,Batting,120.8571429
2013,Royal Challengers Bangalore,BallsFaced,Batting,108.3125
2008,Royal Challengers Bangalore,BowlingEconomy,Bowling,7.10940499
2009,Royal Challengers Bangalore,BowlingEconomy,Bowling,7.000324992
2010,Royal Challengers Bangalore,BowlingEconomy,Bowling,7.244531505
2011,Royal Challengers Bangalore,BowlingEconomy,Bowling,7.340145023
2012,Royal Challengers Bangalore,BowlingEconomy,Bowling,8.754352031
2013,Royal Challengers Bangalore,BowlingEconomy,Bowling,8.107179663
2008,Royal Challengers Bangalore,Matches,Batting,14
2009,Royal Challengers Bangalore,Matches,Batting,16
2010,Royal Challengers Bangalore,Matches,Batting,15
2011,Royal Challengers Bangalore,Matches,Batting,15
2012,Royal Challengers Bangalore,Matches,Batting,14
2013,Royal Challengers Bangalore,Matches,Batting,16
2008,Royal Challengers Bangalore,NotOuts,Batting,1.636363636
2009,Royal Challengers Bangalore,NotOuts,Batting,2.454545455
2010,Royal Challengers Bangalore,NotOuts,Batting,2
2011,Royal Challengers Bangalore,NotOuts,Batting,2.090909091
2012,Royal Challengers Bangalore,NotOuts,Batting,1.727272727
2013,Royal Challengers Bangalore,NotOuts,Batting,1.818181818
2008,Royal Challengers Bangalore,TotalWickets,Bowling,46
2009,Royal Challengers Bangalore,TotalWickets,Bowling,79
2010,Royal Challengers Bangalore,TotalWickets,Bowling,74
2011,Royal Challengers Bangalore,TotalWickets,Bowling,81
2012,Royal Challengers Bangalore,TotalWickets,Bowling,76
2013,Royal Challengers Bangalore,TotalWickets,Bowling,94
2008,Royal Challengers Bangalore,WicketsPerMatch,Bowling,3.285714286
2009,Royal Challengers Bangalore,WicketsPerMatch,Bowling,4.9375
2010,Royal Challengers Bangalore,WicketsPerMatch,Bowling,4.933333333
2011,Royal Challengers Bangalore,WicketsPerMatch,Bowling,5.4
2012,Royal Challengers Bangalore,WicketsPerMatch,Bowling,5.428571429
2013,Royal Challengers Bangalore,WicketsPerMatch,Bowling,5.875
2008,Royal Challengers Bangalore,WicketsPerOver,Bowling,0.176583493
2009,Royal Challengers Bangalore,WicketsPerOver,Bowling,0.256743581
2010,Royal Challengers Bangalore,WicketsPerOver,Bowling,0.241593209
2011,Royal Challengers Bangalore,WicketsPerOver,Bowling,0.266974291
2012,Royal Challengers Bangalore,WicketsPerOver,Bowling,0.294003868
2013,Royal Challengers Bangalore,WicketsPerOver,Bowling,0.322913088
2008,Royal Challengers Bangalore,StrikeRate,Batting,110.74
2009,Royal Challengers Bangalore,StrikeRate,Batting,113.4
2010,Royal Challengers Bangalore,StrikeRate,Batting,125.29
2011,Royal Challengers Bangalore,StrikeRate,Batting,135
2012,Royal Challengers Bangalore,StrikeRate,Batting,132
2013,Royal Challengers Bangalore,StrikeRate,Batting,122.36
2019,Sunrisers Hyderabad,Matches,Matches,15
2018,Sunrisers Hyderabad,Matches,Matches,17
2017,Sunrisers Hyderabad,Matches,Matches,14
2016,Sunrisers Hyderabad,Matches,Matches,17
2015,Sunrisers Hyderabad,Matches,Matches,14
2014,Sunrisers Hyderabad,Matches,Matches,14
2019,Sunrisers Hyderabad,BowlingEconomy,Bowling,7.851602024
2018,Sunrisers Hyderabad,BowlingEconomy,Bowling,7.897098415
2017,Sunrisers Hyderabad,BowlingEconomy,Bowling,8.121376111
2016,Sunrisers Hyderabad,BowlingEconomy,Bowling,7.871287129
2015,Sunrisers Hyderabad,BowlingEconomy,Bowling,8.298126744
2014,Sunrisers Hyderabad,BowlingEconomy,Bowling,8.150074294
2019,Sunrisers Hyderabad,WicketsPerOver,Bowling,0.276559865
2018,Sunrisers Hyderabad,WicketsPerOver,Bowling,0.281184565
2017,Sunrisers Hyderabad,WicketsPerOver,Bowling,0.34016235
2016,Sunrisers Hyderabad,WicketsPerOver,Bowling,0.272277228
2015,Sunrisers Hyderabad,WicketsPerOver,Bowling,0.286966919
2014,Sunrisers Hyderabad,WicketsPerOver,Bowling,0.256315007
2019,Sunrisers Hyderabad,TotalWickets,Bowling,82
2018,Sunrisers Hyderabad,TotalWickets,Bowling,94
2017,Sunrisers Hyderabad,TotalWickets,Bowling,88
2016,Sunrisers Hyderabad,TotalWickets,Bowling,88
2015,Sunrisers Hyderabad,TotalWickets,Bowling,72
2014,Sunrisers Hyderabad,TotalWickets,Bowling,69
2019,Sunrisers Hyderabad,WicketsPerMatch,Bowling,5.466666667
2018,Sunrisers Hyderabad,WicketsPerMatch,Bowling,5.529411765
2017,Sunrisers Hyderabad,WicketsPerMatch,Bowling,6.285714286
2016,Sunrisers Hyderabad,WicketsPerMatch,Bowling,5.176470588
2015,Sunrisers Hyderabad,WicketsPerMatch,Bowling,5.142857143
2014,Sunrisers Hyderabad,WicketsPerMatch,Bowling,4.928571429
2019,Sunrisers Hyderabad,Innings,Batting,7.692307692
2018,Sunrisers Hyderabad,Innings,Batting,8.923076923
2017,Sunrisers Hyderabad,Innings,Batting,7.8
2016,Sunrisers Hyderabad,Innings,Batting,9.307692308
2015,Sunrisers Hyderabad,Innings,Batting,7.357142857
2014,Sunrisers Hyderabad,Innings,Batting,7.833333333
2019,Sunrisers Hyderabad,NotOuts,Batting,1.769230769
2018,Sunrisers Hyderabad,NotOuts,Batting,1.923076923
2017,Sunrisers Hyderabad,NotOuts,Batting,2.1
2016,Sunrisers Hyderabad,NotOuts,Batting,2
2015,Sunrisers Hyderabad,NotOuts,Batting,1.642857143
2014,Sunrisers Hyderabad,NotOuts,Batting,1.916666667
2019,Sunrisers Hyderabad,HighScore ,Batting,178.6153846
2018,Sunrisers Hyderabad,HighScore ,Batting,199.1538462
2017,Sunrisers Hyderabad,HighScore ,Batting,224.5
2016,Sunrisers Hyderabad,HighScore ,Batting,195.0769231
2015,Sunrisers Hyderabad,HighScore ,Batting,151
2014,Sunrisers Hyderabad,HighScore ,Batting,161.25
2019,Sunrisers Hyderabad,RunsScored,Batting,154.8
2018,Sunrisers Hyderabad,RunsScored,Batting,152.2941176
2017,Sunrisers Hyderabad,RunsScored,Batting,160.3571429
2016,Sunrisers Hyderabad,RunsScored,Batting,149.1764706
2015,Sunrisers Hyderabad,RunsScored,Batting,151
2014,Sunrisers Hyderabad,RunsScored,Batting,138.2142857
2019,Sunrisers Hyderabad,BallsFaced,Batting,112.8
2018,Sunrisers Hyderabad,BallsFaced,Batting,115.8823529
2017,Sunrisers Hyderabad,BallsFaced,Batting,115.6428571
2016,Sunrisers Hyderabad,BallsFaced,Batting,115.1176471
2015,Sunrisers Hyderabad,BallsFaced,Batting,115.3571429
2014,Sunrisers Hyderabad,BallsFaced,Batting,112.2142857
2019,Sunrisers Hyderabad,StrikeRate,Batting,125.8569231
2018,Sunrisers Hyderabad,StrikeRate,Batting,131.2569231
2017,Sunrisers Hyderabad,StrikeRate,Batting,143.099
2016,Sunrisers Hyderabad,StrikeRate,Batting,137.54
2015,Sunrisers Hyderabad,StrikeRate,Batting,127.5471429
2014,Sunrisers Hyderabad,StrikeRate,Batting,130.2151893
2019,Sunrisers Hyderabad,100s,Batting,0.133333333
2018,Sunrisers Hyderabad,100s,Batting,0
2017,Sunrisers Hyderabad,100s,Batting,0.071428571
2016,Sunrisers Hyderabad,100s,Batting,0
2015,Sunrisers Hyderabad,100s,Batting,0
2014,Sunrisers Hyderabad,100s,Batting,0
2019,Sunrisers Hyderabad,50s,Batting,0.933333333
2018,Sunrisers Hyderabad,50s,Batting,0.882352941
2017,Sunrisers Hyderabad,50s,Batting,1.071428571
2016,Sunrisers Hyderabad,50s,Batting,0.882352941
2015,Sunrisers Hyderabad,50s,Batting,0.928571429
2014,Sunrisers Hyderabad,50s,Batting,0.785714286
2019,Sunrisers Hyderabad,4s,Batting,13.06666667
2018,Sunrisers Hyderabad,4s,Batting,14.05882353
2017,Sunrisers Hyderabad,4s,Batting,15.71428571
2016,Sunrisers Hyderabad,4s,Batting,13.52941176
2015,Sunrisers Hyderabad,4s,Batting,13.21428571
2014,Sunrisers Hyderabad,4s,Batting,11.92857143
2019,Sunrisers Hyderabad,6s,Batting,5.4
2018,Sunrisers Hyderabad,6s,Batting,5.176470588
2017,Sunrisers Hyderabad,6s,Batting,4.928571429
2016,Sunrisers Hyderabad,6s,Batting,5.235294118
2015,Sunrisers Hyderabad,6s,Batting,5.642857143
2014,Sunrisers Hyderabad,6s,Batting,5.142857143
2019,Sunrisers Hyderabad,MatchesWon,Batting,6
2018,Sunrisers Hyderabad,MatchesWon,Batting,10
2017,Sunrisers Hyderabad,MatchesWon,Batting,9
2016,Sunrisers Hyderabad,MatchesWon,Batting,10
2015,Sunrisers Hyderabad,MatchesWon,Batting,7
2014,Sunrisers Hyderabad,MatchesWon,Batting,6
2013,Sunrisers Hyderabad,MatchesWon,Batting,10
2013,Sunrisers Hyderabad,100s,Batting,0
2013,Sunrisers Hyderabad,4s,Batting,11.47058824
2013,Sunrisers Hyderabad,6s,Batting,3.176470588
2013,Sunrisers Hyderabad,50s,Batting,0.411764706
2013,Sunrisers Hyderabad,RunsScored,Batting,126.3529412
2013,Sunrisers Hyderabad,BallsFaced,Batting,113.3529412
2013,Sunrisers Hyderabad,BowlingEconomy,Bowling,6.560781918
2013,Sunrisers Hyderabad,Matches,Batting,17
2013,Sunrisers Hyderabad,NotOuts,Batting,2.727272727
2013,Sunrisers Hyderabad,TotalWickets,Bowling,100
2013,Sunrisers Hyderabad,WicketsPerMatch,Bowling,5.882352941
2013,Sunrisers Hyderabad,WicketsPerOver,Bowling,0.305436775
2013,Sunrisers Hyderabad,StrikeRate,Batting,113.69
